business_status,geometry,icon,icon_background_color,icon_mask_base_uri,name,place_id,plus_code,rating,reference,scope,types,user_ratings_total,vicinity,opening_hours,photos,price_level,url
OPERATIONAL,"{'location': {'lat': 44.2326494, 'lng': -76.4881851}, 'viewport': {'northeast': {'lat': 44.23388522989272, 'lng': -76.48671542010729}, 'southwest': {'lat': 44.23118557010728, 'lng': -76.48941507989272}}}",https://maps.gstatic.com/mapfiles/place_api/icons/v1/png_71/bank-71.png,#909CE1,https://maps.gstatic.com/mapfiles/place_api/icons/v2/bank-intl_pinlet,Household Trust Company,ChIJd54AbwCr0kwRNZK0b4eegn4,"{'compound_code': '6GM6+3P Kingston, Ontario', 'global_code': '87P56GM6+3P'}",0.0,ChIJd54AbwCr0kwRNZK0b4eegn4,GOOGLE,"['bank', 'atm', 'finance', 'point_of_interest', 'establishment']",0,"269 Princess St, Kingston",,,,https://www.google.com/maps/?q=place_id:ChIJd54AbwCr0kwRNZK0b4eegn4
OPERATIONAL,"{'location': {'lat': 44.391005, 'lng': -76.57193649999999}, 'viewport': {'northeast': {'lat': 44.39232447989272, 'lng': -76.57057482010727}, 'southwest': {'lat': 44.38962482010728, 'lng': -76.57327447989272}}}",https://maps.gstatic.com/mapfiles/place_api/icons/v1/png_71/generic_business-71.png,#7B9EB0,https://maps.gstatic.com/mapfiles/place_api/icons/v2/generic_pinlet,Township of South Frontenac Household Hazardous Waste Depot,ChIJYXn6TAS70kwRMKqmnsJ9ngY,"{'compound_code': '9CRH+C6 Sydenham, Ontario', 'global_code': '87P59CRH+C6'}",0.0,ChIJYXn6TAS70kwRMKqmnsJ9ngY,GOOGLE,"['point_of_interest', 'establishment']",0,"2491 Keeley Rd, Sydenham",,,,https://www.google.com/maps/?q=place_id:ChIJYXn6TAS70kwRMKqmnsJ9ngY
OPERATIONAL,"{'location': {'lat': 44.2488754, 'lng': -76.48691020000001}, 'viewport': {'northeast': {'lat': 44.25022842989272, 'lng': -76.48537052010728}, 'southwest': {'lat': 44.24752877010728, 'lng': -76.48807017989272}}}",https://maps.gstatic.com/mapfiles/place_api/icons/v1/png_71/shopping-71.png,#4B96F3,https://maps.gstatic.com/mapfiles/place_api/icons/v2/shopping_pinlet,The wise stop,ChIJHRGYDXmr0kwRmlaYrxy1GOA,"{'compound_code': '6GX7+H6 Kingston, Ontario', 'global_code': '87P56GX7+H6'}",1.0,ChIJHRGYDXmr0kwRmlaYrxy1GOA,GOOGLE,"['food', 'point_of_interest', 'store', 'establishment']",5,"662 Montreal St, Kingston",,,,https://www.google.com/maps/?q=place_id:ChIJHRGYDXmr0kwRmlaYrxy1GOA
OPERATIONAL,"{'location': {'lat': 44.2350218, 'lng': -76.5904274}, 'viewport': {'northeast': {'lat': 44.23647607989273, 'lng': -76.58908797010727}, 'southwest': {'lat': 44.23377642010728, 'lng': -76.5917876298927}}}",https://maps.gstatic.com/mapfiles/place_api/icons/v1/png_71/shopping-71.png,#4B96F3,https://maps.gstatic.com/mapfiles/place_api/icons/v2/shopping_pinlet,Lifestyle Kitchens,ChIJF-eaIhut0kwRpv-cgdrj0SI,"{'compound_code': '6CP5+2R Kingston, Ontario', 'global_code': '87P56CP5+2R'}",0.0,ChIJF-eaIhut0kwRpv-cgdrj0SI,GOOGLE,"['furniture_store', 'home_goods_store', 'point_of_interest', 'store', 'establishment']",0,"1999 Mancora Cir, Kingston",{'open_now': False},"[{'height': 1024, 'html_attributions': ['<a href=""https://maps.google.com/maps/contrib/105584521596198077205"">Prashant Shah</a>'], 'photo_reference': 'Aap_uECLtB2Hk6TnP1Hzd3Z46mElLWhTKgcFlzZLc9SMY6lW6EKMb06Ukx6gvzzEeAdy9OzuttWvZpfoEejlFRC2R5NFpS_xbTveDiCLXaC-VodqFozID9jeLNhN_VJGh6vsAp8-DISWFYfpqTcAbXfNaHg_7SO9NUKakaJ3s6pEScWn2BQz', 'width': 1024}]",,https://www.google.com/maps/?q=place_id:ChIJF-eaIhut0kwRpv-cgdrj0SI
OPERATIONAL,"{'location': {'lat': 44.2642727, 'lng': -76.5132337}, 'viewport': {'northeast': {'lat': 44.26567412989272, 'lng': -76.51188227010728}, 'southwest': {'lat': 44.26297447010728, 'lng': -76.51458192989273}}}",https://maps.gstatic.com/mapfiles/place_api/icons/v1/png_71/generic_business-71.png,#7B9EB0,https://maps.gstatic.com/mapfiles/place_api/icons/v2/generic_pinlet,Kingston Area Recycling Centre,ChIJs-Ksq_Cr0kwRL2z5dqcudK0,"{'compound_code': '7F7P+PP Kingston, Ontario', 'global_code': '87P57F7P+PP'}",3.9,ChIJs-Ksq_Cr0kwRL2z5dqcudK0,GOOGLE,"['point_of_interest', 'establishment']",42,"196 Lappan's Ln, Kingston",{'open_now': False},"[{'height': 960, 'html_attributions': ['<a href=""https://maps.google.com/maps/contrib/108233104954925236673"">Kingston Area Recycling Ctr</a>'], 'photo_reference': 'Aap_uEA_dgY176wKUX3owN0xu-5ycloYtJzkSvrzAI0vaqPVpfBW_nBFitgXEcFDtGrPP034Hd2i9X7Bn-urQ3XvUWUI4QGMGpYz4j2ZQkprTLl1AjZjWZItf1wexdDJP15d5MqaBXxli2ZqO_FQmiog5mdWGfo107SvspBuHeaLFXXEcsC1', 'width': 1280}]",,https://www.google.com/maps/?q=place_id:ChIJs-Ksq_Cr0kwRL2z5dqcudK0
OPERATIONAL,"{'location': {'lat': 44.2415875, 'lng': -76.6092026}, 'viewport': {'northeast': {'lat': 44.24304847989272, 'lng': -76.60774447010728}, 'southwest': {'lat': 44.24034882010728, 'lng': -76.61044412989273}}}",https://maps.gstatic.com/mapfiles/place_api/icons/v1/png_71/shopping-71.png,#4B96F3,https://maps.gstatic.com/mapfiles/place_api/icons/v2/shopping_pinlet,Affordable Treasures,ChIJZWD-6D2t0kwRHy8PWnbOkRE,"{'compound_code': '69RR+J8 Kingston, Ontario', 'global_code': '87P569RR+J8'}",5.0,ChIJZWD-6D2t0kwRHy8PWnbOkRE,GOOGLE,"['point_of_interest', 'store', 'establishment']",2,"Legion Hall Building, 4034 Bath Rd Unit A, Kingston",{'open_now': False},,,https://www.google.com/maps/?q=place_id:ChIJZWD-6D2t0kwRHy8PWnbOkRE
OPERATIONAL,"{'location': {'lat': 44.2383353, 'lng': -76.5137211}, 'viewport': {'northeast': {'lat': 44.23959797989271, 'lng': -76.51236117010728}, 'southwest': {'lat': 44.23689832010727, 'lng': -76.51506082989273}}}",https://maps.gstatic.com/mapfiles/place_api/icons/v1/png_71/generic_business-71.png,#7B9EB0,https://maps.gstatic.com/mapfiles/place_api/icons/v2/generic_pinlet,Essence Home Services,ChIJc1I91p2r0kwR2-QvNj5Vg6U,"{'compound_code': '6FQP+8G Kingston, Ontario', 'global_code': '87P56FQP+8G'}",0.0,ChIJc1I91p2r0kwR2-QvNj5Vg6U,GOOGLE,"['point_of_interest', 'establishment']",0,"289 Park St, Kingston",{'open_now': False},,,https://www.google.com/maps/?q=place_id:ChIJc1I91p2r0kwR2-QvNj5Vg6U
OPERATIONAL,"{'location': {'lat': 44.3701444, 'lng': -76.5618569}, 'viewport': {'northeast': {'lat': 44.37200002989272, 'lng': -76.56059317010727}, 'southwest': {'lat': 44.36930037010728, 'lng': -76.56329282989272}}}",https://maps.gstatic.com/mapfiles/place_api/icons/v1/png_71/shopping-71.png,#4B96F3,https://maps.gstatic.com/mapfiles/place_api/icons/v2/shopping_pinlet,Renaissance Custom Upholtery,ChIJc1fzGkil0kwRI7VmaAL6bx8,"{'compound_code': '9CCQ+37 Sydenham, Ontario', 'global_code': '87P59CCQ+37'}",4.0,ChIJc1fzGkil0kwRI7VmaAL6bx8,GOOGLE,"['furniture_store', 'home_goods_store', 'point_of_interest', 'store', 'establishment']",1,"2820 Sumac Rd, Sydenham",,,,https://www.google.com/maps/?q=place_id:ChIJc1fzGkil0kwRI7VmaAL6bx8
OPERATIONAL,"{'location': {'lat': 44.4630565, 'lng': -76.6898105}, 'viewport': {'northeast': {'lat': 44.46444877989273, 'lng': -76.68835702010726}, 'southwest': {'lat': 44.46174912010729, 'lng': -76.69105667989271}}}",https://maps.gstatic.com/mapfiles/place_api/icons/v1/png_71/generic_business-71.png,#7B9EB0,https://maps.gstatic.com/mapfiles/place_api/icons/v2/generic_pinlet,"South Frontenac Twp., Portland Dump",ChIJffJYrA6_0kwR1qQl92a1FlU,"{'compound_code': 'F876+63 Verona, Ontario', 'global_code': '87P5F876+63'}",0.0,ChIJffJYrA6_0kwR1qQl92a1FlU,GOOGLE,"['point_of_interest', 'establishment']",0,"6085 Road 38, Verona",,,,https://www.google.com/maps/?q=place_id:ChIJffJYrA6_0kwR1qQl92a1FlU
OPERATIONAL,"{'location': {'lat': 44.3774802, 'lng': -76.4787772}, 'viewport': {'northeast': {'lat': 44.37883002989272, 'lng': -76.47742737010728}, 'southwest': {'lat': 44.37613037010727, 'lng': -76.48012702989271}}}",https://maps.gstatic.com/mapfiles/place_api/icons/v1/png_71/shopping-71.png,#4B96F3,https://maps.gstatic.com/mapfiles/place_api/icons/v2/shopping_pinlet,Inverary Home Hardware Building Centre,ChIJccq73c2l0kwRzjDj2Af7wcY,"{'compound_code': '9GGC+XF Inverary, Ontario', 'global_code': '87P59GGC+XF'}",4.5,ChIJccq73c2l0kwRzjDj2Af7wcY,GOOGLE,"['home_goods_store', 'point_of_interest', 'store', 'establishment']",98,"3832 Perth Rd, Inverary",{'open_now': False},"[{'height': 3984, 'html_attributions': ['<a href=""https://maps.google.com/maps/contrib/108231971581621303859"">Tyler Buttle</a>'], 'photo_reference': 'Aap_uEAvoZY5uy7Yp8l5xdbi2dMsW9rXMUfw55cSkzkZ4Nehc-QP87hi4ho5hHSGzlK2c8fLguTFhSaH2lURyPjIXFyO2AYTm-CJw-SP6_zVyCdu9uMHSOOmj7XFWhMsc2-qrkrareVgZHRcdAHL-woPjdkUxlo4L7bygHIV0NAC1RjUjFFB', 'width': 2988}]",,https://www.google.com/maps/?q=place_id:ChIJccq73c2l0kwRzjDj2Af7wcY
OPERATIONAL,"{'location': {'lat': 44.2410405, 'lng': -76.572251}, 'viewport': {'northeast': {'lat': 44.24268917989272, 'lng': -76.57093772010728}, 'southwest': {'lat': 44.23998952010727, 'lng': -76.57363737989273}}}",https://maps.gstatic.com/mapfiles/place_api/icons/v1/png_71/shopping-71.png,#4B96F3,https://maps.gstatic.com/mapfiles/place_api/icons/v2/shopping_pinlet,Atkinson Home Hardware Building Centres - Kingston,ChIJ-3zLxPis0kwRxB6tvbRF9Dc,"{'compound_code': '6CRH+C3 Kingston, Ontario', 'global_code': '87P56CRH+C3'}",4.3,ChIJ-3zLxPis0kwRxB6tvbRF9Dc,GOOGLE,"['hardware_store', 'home_goods_store', 'general_contractor', 'point_of_interest', 'store', 'establishment']",195,"731 Development Dr, Kingston",{'open_now': False},"[{'height': 480, 'html_attributions': ['<a href=""https://maps.google.com/maps/contrib/103238497609306274560"">Atkinson Home Building Centres - Kingston</a>'], 'photo_reference': 'Aap_uEDdc6E3oocKSthGF7pggK0DJ3RuWmlEeEGe_xgx78s-YWQOFKzaZ8E-Zs0Vmqw4tuIpq-xw3dZp9R5wldSiPyeOQTuZZh2vcHY1Og3C0VBsrV36xtXydxXHltUQWi0xeeqNgKj7ooU4nHEN_MvEC6TqsybhJfsNJ9BTBKmsCu30g00b', 'width': 640}]",,https://www.google.com/maps/?q=place_id:ChIJ-3zLxPis0kwRxB6tvbRF9Dc
OPERATIONAL,"{'location': {'lat': 44.2647876, 'lng': -76.4918929}, 'viewport': {'northeast': {'lat': 44.26623987989272, 'lng': -76.49055957010728}, 'southwest': {'lat': 44.26354022010727, 'lng': -76.49325922989271}}}",https://maps.gstatic.com/mapfiles/place_api/icons/v1/png_71/generic_business-71.png,#7B9EB0,https://maps.gstatic.com/mapfiles/place_api/icons/v2/generic_pinlet,Rideau Heights Apartments,ChIJycAtXdyr0kwROg8I9AuhWcs,"{'compound_code': '7G75+W6 Kingston, Ontario', 'global_code': '87P57G75+W6'}",5.0,ChIJycAtXdyr0kwROg8I9AuhWcs,GOOGLE,"['point_of_interest', 'establishment']",2,"87 Compton St, Kingston",,,,https://www.google.com/maps/?q=place_id:ChIJycAtXdyr0kwROg8I9AuhWcs
OPERATIONAL,"{'location': {'lat': 44.2439206, 'lng': -76.5663768}, 'viewport': {'northeast': {'lat': 44.24494427989272, 'lng': -76.56533007010728}, 'southwest': {'lat': 44.24224462010728, 'lng': -76.56802972989271}}}",https://maps.gstatic.com/mapfiles/place_api/icons/v1/png_71/shopping-71.png,#4B96F3,https://maps.gstatic.com/mapfiles/place_api/icons/v2/shopping_pinlet,The Home Depot,ChIJzdOmD_is0kwR_OnHg6TKeYw,"{'compound_code': '6CVM+HC Kingston, Ontario', 'global_code': '87P56CVM+HC'}",4.0,ChIJzdOmD_is0kwR_OnHg6TKeYw,GOOGLE,"['hardware_store', 'furniture_store', 'home_goods_store', 'point_of_interest', 'store', 'establishment']",1136,"606 Gardiners Rd, Kingston",{'open_now': False},"[{'height': 3024, 'html_attributions': ['<a href=""https://maps.google.com/maps/contrib/110881263639586148046"">Shannon Zapotichny</a>'], 'photo_reference': 'Aap_uEBLoIDwI1e-du4JI-L_OmPTA6CDiyjHYUlh8S2vA9_T8VFBoGYlaFf_v9LjzD3AePxBGA7EhYcL0sGw2B2qw_Px1lyk9sZlG6xVv4N7bh5M0hsRfQViXY_KSjgpOIsO9NQh2d0DbZgj9Cku5bbHfh8vzoMxobCgPtLYy0Kev7hTAExG', 'width': 3024}]",1.0,https://www.google.com/maps/?q=place_id:ChIJzdOmD_is0kwR_OnHg6TKeYw
OPERATIONAL,"{'location': {'lat': 44.254955, 'lng': -76.49752889999999}, 'viewport': {'northeast': {'lat': 44.25618367989272, 'lng': -76.49609772010727}, 'southwest': {'lat': 44.25348402010727, 'lng': -76.49879737989272}}}",https://maps.gstatic.com/mapfiles/place_api/icons/v1/png_71/shopping-71.png,#4B96F3,https://maps.gstatic.com/mapfiles/place_api/icons/v2/shopping_pinlet,The Goodway Thrift Store,ChIJQZyUUcCr0kwRRKyYJzSXUmk,"{'compound_code': '7G32+XX Kingston, Ontario', 'global_code': '87P57G32+XX'}",4.1,ChIJQZyUUcCr0kwRRKyYJzSXUmk,GOOGLE,"['point_of_interest', 'store', 'establishment']",96,"844 Division St, Kingston",{'open_now': False},"[{'height': 1960, 'html_attributions': ['<a href=""https://maps.google.com/maps/contrib/109629686061459246298"">A Google User</a>'], 'photo_reference': 'Aap_uECyIAHKaeeXLX6o9A57EBknHp-VVge9PewNBnCROu-LuWUslt_bTyV6ZmCQkkxzskzd8tFi7DRyKOI5H7G8UagdoMpX9l45YkCnsXDklYDnSv627ZEscP9uj-KWw-XawQs3GDKku9LHfa_J_bfJfBksq_qpH5cslCE-fGo-jzLVZwHh', 'width': 4032}]",,https://www.google.com/maps/?q=place_id:ChIJQZyUUcCr0kwRRKyYJzSXUmk
OPERATIONAL,"{'location': {'lat': 44.2488774, 'lng': -76.5709265}, 'viewport': {'northeast': {'lat': 44.25022857989272, 'lng': -76.56954992010728}, 'southwest': {'lat': 44.24752892010727, 'lng': -76.57224957989271}}}",https://maps.gstatic.com/mapfiles/place_api/icons/v1/png_71/shopping-71.png,#4B96F3,https://maps.gstatic.com/mapfiles/place_api/icons/v2/shopping_pinlet,FW Black Ltd,ChIJ_8mKwVOs0kwR30_L8firYR8,"{'compound_code': '6CXH+HJ Kingston, Ontario', 'global_code': '87P56CXH+HJ'}",4.6,ChIJ_8mKwVOs0kwR30_L8firYR8,GOOGLE,"['home_goods_store', 'point_of_interest', 'store', 'establishment']",390,"685 Arlington Park Pl, Kingston",{'open_now': False},"[{'height': 288, 'html_attributions': ['<a href=""https://maps.google.com/maps/contrib/100516570383779862755"">FW Black Ltd</a>'], 'photo_reference': 'Aap_uEDohsoFRiICoKZbNeEDUPO3u0_yNW-VlST3xVyq8xHEeZaF0XmiJg-ra8yHomZbksUn7SlqziYgDEJ6QOCiv56AqyNOdR0jzum1zQ2kxEeDDitQ35rIt3qoPwo9iRtyGv8fndLjyqEY5WgD1_1mk2NyABPN_Y7cp-zUwYbaOVBrxwjn', 'width': 692}]",,https://www.google.com/maps/?q=place_id:ChIJ_8mKwVOs0kwR30_L8firYR8
OPERATIONAL,"{'location': {'lat': 44.240444, 'lng': -76.52552299999999}, 'viewport': {'northeast': {'lat': 44.24167112989272, 'lng': -76.52417127010729}, 'southwest': {'lat': 44.23897147010728, 'lng': -76.52687092989272}}}",https://maps.gstatic.com/mapfiles/place_api/icons/v1/png_71/shopping-71.png,#4B96F3,https://maps.gstatic.com/mapfiles/place_api/icons/v2/shopping_pinlet,The Salvation Army; Family Thrift Store,ChIJ7_ujnIGr0kwR_FzxpR_4qIY,"{'compound_code': '6FRF+5Q Kingston, Ontario', 'global_code': '87P56FRF+5Q'}",4.3,ChIJ7_ujnIGr0kwR_FzxpR_4qIY,GOOGLE,"['point_of_interest', 'store', 'establishment']",79,"277 Bath Rd, Kingston",{'open_now': False},"[{'height': 4032, 'html_attributions': ['<a href=""https://maps.google.com/maps/contrib/103991901759690533711"">陆红民</a>'], 'photo_reference': 'Aap_uEAQA1UWSzl1ll33iqlp0UlMG1RvZRCTfFzddJsdN54F-ZYeW4Tzcywm8BNUE9lLuBDh4tWxrBwcKeNqDm1Rgh3xJkMh2cPEyv18M-7Y3TtAhAR0GrO83-_zsBfOe__e5aprb55ZPkUFJ_DGcvQKeSmeVCAnRiXCQJey97YFasSmXKMT', 'width': 3024}]",1.0,https://www.google.com/maps/?q=place_id:ChIJ7_ujnIGr0kwR_FzxpR_4qIY
OPERATIONAL,"{'location': {'lat': 44.2530439, 'lng': -76.602829}, 'viewport': {'northeast': {'lat': 44.25447937989272, 'lng': -76.60140537010729}, 'southwest': {'lat': 44.25177972010727, 'lng': -76.60410502989272}}}",https://maps.gstatic.com/mapfiles/place_api/icons/v1/png_71/generic_business-71.png,#7B9EB0,https://maps.gstatic.com/mapfiles/place_api/icons/v2/generic_pinlet,Healthy Home Maid Service Inc.,ChIJAdaZFpmt0kwRfhX6CleNaBI,"{'compound_code': '793W+6V Kingston, Ontario', 'global_code': '87P5793W+6V'}",5.0,ChIJAdaZFpmt0kwRfhX6CleNaBI,GOOGLE,"['point_of_interest', 'establishment']",2,"893 Mona Dr, Kingston",{'open_now': False},"[{'height': 381, 'html_attributions': ['<a href=""https://maps.google.com/maps/contrib/107479050205358807419"">Healthy Home Maid Service Inc.</a>'], 'photo_reference': 'Aap_uEC88SmT0aNP4d6s2iZ6o-QYZ2-wNsKLG3vI15e3SjjWdaFLtThCdmi8FpoY8gg10ZVS7BnzV7Un7u5laGtUcaHxb-kSk0-1okFFyCiw3s1MlEP81bE9tieUsciF2ekPxrsmCr7GCxESBm8nhT9iL8iBZAhFaHJ3Os7O02Xelsu6fyTP', 'width': 1583}]",,https://www.google.com/maps/?q=place_id:ChIJAdaZFpmt0kwRfhX6CleNaBI
OPERATIONAL,"{'location': {'lat': 44.261177, 'lng': -76.596733}, 'viewport': {'northeast': {'lat': 44.26276277989272, 'lng': -76.59524632010728}, 'southwest': {'lat': 44.26006312010728, 'lng': -76.59794597989273}}}",https://maps.gstatic.com/mapfiles/place_api/icons/v1/png_71/shopping-71.png,#4B96F3,https://maps.gstatic.com/mapfiles/place_api/icons/v2/shopping_pinlet,Dependable Appliances Kingston,ChIJkxMjAkGy0kwR6Y1PEaxRcoI,"{'compound_code': '7C63+F8 Kingston, Ontario', 'global_code': '87P57C63+F8'}",4.5,ChIJkxMjAkGy0kwR6Y1PEaxRcoI,GOOGLE,"['home_goods_store', 'point_of_interest', 'store', 'establishment']",80,"3063 Princess St, Kingston",{'open_now': False},"[{'height': 1440, 'html_attributions': ['<a href=""https://maps.google.com/maps/contrib/102705177844537410286"">A Google User</a>'], 'photo_reference': 'Aap_uEDd9oXCZWYI3-EbA1f1OInBbldQLWkZJlRWWJKEU0v6zN8n_6gfng69WjuOTuVgwS6Fxl21M4_791ZRq1MdCDE7LLYk6Jj7r7aQu24mfsrlatmPm6yJOg2rkIA5kP2st7J6F60WQ-7nlRIb8MnrZEbbKsL0KTzunDrrhNV4keCHLZw', 'width': 1080}]",,https://www.google.com/maps/?q=place_id:ChIJkxMjAkGy0kwR6Y1PEaxRcoI
OPERATIONAL,"{'location': {'lat': 44.23123469999999, 'lng': -76.47913849999999}, 'viewport': {'northeast': {'lat': 44.23250427989272, 'lng': -76.47787037010727}, 'southwest': {'lat': 44.22980462010727, 'lng': -76.48057002989272}}}",https://maps.gstatic.com/mapfiles/place_api/icons/v1/png_71/generic_business-71.png,#7B9EB0,https://maps.gstatic.com/mapfiles/place_api/icons/v2/generic_pinlet,Naturally Luxe Cleaning,ChIJ4x-glkqr0kwR0xFmJthvJXI,"{'compound_code': '6GJC+F8 Kingston, Ontario', 'global_code': '87P56GJC+F8'}",4.7,ChIJ4x-glkqr0kwR0xFmJthvJXI,GOOGLE,"['point_of_interest', 'establishment']",29,"11 Princess St Suite 301, Kingston",{'open_now': False},"[{'height': 808, 'html_attributions': ['<a href=""https://maps.google.com/maps/contrib/109280034494630259123"">A Google User</a>'], 'photo_reference': 'Aap_uECFQQPv9gfGcTRAn3v9LFhcl5LFoqy2QVq2Ufyj6VsHeM5rSj1AidQ9Mzf1PwAj4eVcHPCnAwQZTMOVLtSoU84YcRDELMxHUChPbhYRsPGNHDgVeMBkAfkjEEj4gI0X_FDpJ9P3pthBbDsf7gVfPsT9ONt1YYbJseDdxmwfENlNEyH8', 'width': 1440}]",,https://www.google.com/maps/?q=place_id:ChIJ4x-glkqr0kwR0xFmJthvJXI
OPERATIONAL,"{'location': {'lat': 44.3765726, 'lng': -76.4787547}, 'viewport': {'northeast': {'lat': 44.37810572989272, 'lng': -76.47784797010728}, 'southwest': {'lat': 44.37540607010727, 'lng': -76.48054762989273}}}",https://maps.gstatic.com/mapfiles/place_api/icons/v1/png_71/generic_business-71.png,#7B9EB0,https://maps.gstatic.com/mapfiles/place_api/icons/v2/generic_pinlet,Bin There Dump That - Eastern Ontario,ChIJDTP8Nemr0kwRu9i07ksGCGs,"{'compound_code': '9GGC+JF Inverary, Ontario', 'global_code': '87P59GGC+JF'}",4.9,ChIJDTP8Nemr0kwRu9i07ksGCGs,GOOGLE,"['point_of_interest', 'establishment']",498,"3810 Perth Road Road Unit 1 A, Inverary",{'open_now': False},"[{'height': 463, 'html_attributions': ['<a href=""https://maps.google.com/maps/contrib/112898402096761916396"">Bin There Dump That</a>'], 'photo_reference': 'Aap_uEBvNMSRas-uHxs1cDCqx3sw5385l_lC8TGVkM-ZDZY0Oa_fvk6rCcCTuo33RcKzxk3heyTeuy-j0asqPhSmp5t3PAlkQ9dhUjcInf4aqSEVf5yyCuoBFJkm8puNARet-Z2fxxS9MAyr21joXmoj5w5ZTbD4_RJvtzU8cwLKx3spV-iE', 'width': 898}]",,https://www.google.com/maps/?q=place_id:ChIJDTP8Nemr0kwRu9i07ksGCGs
OPERATIONAL,"{'location': {'lat': 44.2395766, 'lng': -76.5480686}, 'viewport': {'northeast': {'lat': 44.24074612989272, 'lng': -76.54671077010727}, 'southwest': {'lat': 44.23804647010728, 'lng': -76.5494104298927}}}",https://maps.gstatic.com/mapfiles/place_api/icons/v1/png_71/shopping-71.png,#4B96F3,https://maps.gstatic.com/mapfiles/place_api/icons/v2/shopping_pinlet,Value Village,ChIJq0Xvz4ms0kwRyN1mRf87S3o,"{'compound_code': '6FQ2+RQ Kingston, Ontario', 'global_code': '87P56FQ2+RQ'}",3.7,ChIJq0Xvz4ms0kwRyN1mRf87S3o,GOOGLE,"['book_store', 'electronics_store', 'furniture_store', 'home_goods_store', 'point_of_interest', 'clothing_store', 'store', 'establishment']",1015,"1300 Bath Rd Unit A1C, Kingston",{'open_now': False},"[{'height': 3024, 'html_attributions': ['<a href=""https://maps.google.com/maps/contrib/117229179102679163722"">A Google User</a>'], 'photo_reference': 'Aap_uEAtt2dBaoGfcPpEez_VLysM0i3uCfo2xssPAA31_P-cBD79fUBrfTdXXL4IV639UK5GRQ8SjPzX8vqIpPRx5ElSCQIPogWIVV11IUv1iCJ_ShNsRrn-rrybyRdOi-8VeL0wuGWICC9cIBeBfYbji06ap458lvTUl-PQVxF1dy1hfVgA', 'width': 4032}]",1.0,https://www.google.com/maps/?q=place_id:ChIJq0Xvz4ms0kwRyN1mRf87S3o
OPERATIONAL,"{'location': {'lat': 44.2576307, 'lng': -76.56028189999999}, 'viewport': {'northeast': {'lat': 44.25910342989272, 'lng': -76.55878617010727}, 'southwest': {'lat': 44.25640377010728, 'lng': -76.5614858298927}}}",https://maps.gstatic.com/mapfiles/place_api/icons/v1/png_71/shopping-71.png,#4B96F3,https://maps.gstatic.com/mapfiles/place_api/icons/v2/shopping_pinlet,"Mission Thrift Store, Kingston",ChIJ8_yFrkes0kwReCxF56ht714,"{'compound_code': '7C5Q+3V Kingston, Ontario', 'global_code': '87P57C5Q+3V'}",4.4,ChIJ8_yFrkes0kwReCxF56ht714,GOOGLE,"['point_of_interest', 'store', 'establishment']",205,"2455 Princess St, Kingston",{'open_now': False},"[{'height': 288, 'html_attributions': ['<a href=""https://maps.google.com/maps/contrib/111029492426113141121"">Bibles For Missions Thrift Store</a>'], 'photo_reference': 'Aap_uEBHDeCHmCn0W6eDAsm0bi6UhHaSUnO8JRx97bnskVshV2pcjqlxUyzGmPsTNllp1aZ-Q9Nhjcus8cODii02svE9MbUcVKn8_36zxBSoTcx3q-e0VTGDxk9_FI91NnRzOGnti5oR2MafoXFuAXGUJonE-mJrNToEoQhbFn3QDmq3W5l1', 'width': 640}]",,https://www.google.com/maps/?q=place_id:ChIJ8_yFrkes0kwReCxF56ht714
OPERATIONAL,"{'location': {'lat': 44.2680929, 'lng': -76.5027199}, 'viewport': {'northeast': {'lat': 44.26948412989273, 'lng': -76.50142572010728}, 'southwest': {'lat': 44.26678447010728, 'lng': -76.50412537989273}}}",https://maps.gstatic.com/mapfiles/place_api/icons/v1/png_71/shopping-71.png,#4B96F3,https://maps.gstatic.com/mapfiles/place_api/icons/v2/shopping_pinlet,Stokes- Kings Crossing,ChIJB9EdOuSr0kwRpt8cksqbhzM,"{'compound_code': '7F9W+6W Kingston, Ontario', 'global_code': '87P57F9W+6W'}",3.8,ChIJB9EdOuSr0kwRpt8cksqbhzM,GOOGLE,"['furniture_store', 'home_goods_store', 'point_of_interest', 'store', 'establishment']",25,"Kings Crossing, 97 Dalton Ave, Kingston",{'open_now': False},"[{'height': 3024, 'html_attributions': ['<a href=""https://maps.google.com/maps/contrib/102918818652846828450"">1clkgtramg</a>'], 'photo_reference': 'Aap_uEBZ1jsj3VJtSUiEnEE8owxmhQaOcOiaex5wI4kf32I1KStVx-MeOpK9Q70mgPWnIQB6yl_DZ-Er9XD76YbV3ClRuPI6iTRYREoAyfA5d9km7MUjOAd510VHw6fsAWNhNn21dYyqimGZHl4JPf1lCTXuGLOFv5PmuBlpelHUs_fSQVyt', 'width': 4032}]",,https://www.google.com/maps/?q=place_id:ChIJB9EdOuSr0kwRpt8cksqbhzM
OPERATIONAL,"{'location': {'lat': 44.2469283, 'lng': -76.56619909999999}, 'viewport': {'northeast': {'lat': 44.24827172989273, 'lng': -76.56514052010726}, 'southwest': {'lat': 44.24557207010729, 'lng': -76.56784017989271}}}",https://maps.gstatic.com/mapfiles/place_api/icons/v1/png_71/shopping-71.png,#4B96F3,https://maps.gstatic.com/mapfiles/place_api/icons/v2/shopping_pinlet,JYSK - Kingston,ChIJcWsMLlGs0kwRZXnUri4xf3s,"{'compound_code': '6CWM+QG Kingston, Ontario', 'global_code': '87P56CWM+QG'}",4.1,ChIJcWsMLlGs0kwRZXnUri4xf3s,GOOGLE,"['furniture_store', 'home_goods_store', 'point_of_interest', 'store', 'establishment']",292,"690 Gardiners Rd Unit B-8, Kingston",{'open_now': False},"[{'height': 2268, 'html_attributions': ['<a href=""https://maps.google.com/maps/contrib/112004880702911588494"">Amgad Abdou</a>'], 'photo_reference': 'Aap_uECQt-KIR7gFQywIuT6umXcpelyC6KQJBJ-woctDNqlBjla0p3WaalIGvS1q6gJX08evjasiDBF45WIMMTHlft2s9yC5pidLk73icxCfA_mUPqgylGUDLCVgVkwRVEEStfp03s4NylzXXPPwUME5rGdSeezPxwvZEGM_XXLXaRA0v2Rd', 'width': 4032}]",,https://www.google.com/maps/?q=place_id:ChIJcWsMLlGs0kwRZXnUri4xf3s
OPERATIONAL,"{'location': {'lat': 44.2563363, 'lng': -76.57217100000001}, 'viewport': {'northeast': {'lat': 44.25779362989272, 'lng': -76.57136267010728}, 'southwest': {'lat': 44.25509397010728, 'lng': -76.57406232989271}}}",https://maps.gstatic.com/mapfiles/place_api/icons/v1/png_71/shopping-71.png,#4B96F3,https://maps.gstatic.com/mapfiles/place_api/icons/v2/shopping_pinlet,Stokes,ChIJPbTHEr-t0kwR4euJz9lMKrE,"{'compound_code': '7C4H+G4 Kingston, Ontario', 'global_code': '87P57C4H+G4'}",0.0,ChIJPbTHEr-t0kwR4euJz9lMKrE,GOOGLE,"['furniture_store', 'home_goods_store', 'point_of_interest', 'store', 'establishment']",0,"945 Gardiners Rd, Kingston",{'open_now': False},"[{'height': 805, 'html_attributions': ['<a href=""https://maps.google.com/maps/contrib/102884814698418699128"">Terry Geary</a>'], 'photo_reference': 'Aap_uEDsTHG5MHRI_d0AssWiG2VCExmGN61_zX-zVB-LI5fsnWRYxvBQ4Ddk16ggI7KurhDN5KnoXrjd28rpdfIXmHgFjvzhnMD3je14T9PJTBNkratzXni0WViaWZhKT_h8awNri7043V6rX8InytuF8nHwXKYLPCkSoyf19oWjql0LL_iq', 'width': 1431}]",,https://www.google.com/maps/?q=place_id:ChIJPbTHEr-t0kwR4euJz9lMKrE
OPERATIONAL,"{'location': {'lat': 44.2451199, 'lng': -76.56309929999999}, 'viewport': {'northeast': {'lat': 44.24633412989272, 'lng': -76.56200602010728}, 'southwest': {'lat': 44.24363447010727, 'lng': -76.56470567989273}}}",https://maps.gstatic.com/mapfiles/place_api/icons/v1/png_71/shopping-71.png,#4B96F3,https://maps.gstatic.com/mapfiles/place_api/icons/v2/shopping_pinlet,HomeSense,ChIJAQDAr1ms0kwRDlincPWn8Fs,"{'compound_code': '6CWP+2Q Kingston, Ontario', 'global_code': '87P56CWP+2Q'}",0.0,ChIJAQDAr1ms0kwRDlincPWn8Fs,GOOGLE,"['department_store', 'point_of_interest', 'store', 'establishment']",0,"646 Gardiners Rd Unit 16, Kingston",,,,https://www.google.com/maps/?q=place_id:ChIJAQDAr1ms0kwRDlincPWn8Fs
OPERATIONAL,"{'location': {'lat': 44.256754, 'lng': -76.571084}, 'viewport': {'northeast': {'lat': 44.25820467989272, 'lng': -76.56986562010727}, 'southwest': {'lat': 44.25550502010728, 'lng': -76.57256527989271}}}",https://maps.gstatic.com/mapfiles/place_api/icons/v1/png_71/shopping-71.png,#4B96F3,https://maps.gstatic.com/mapfiles/place_api/icons/v2/shopping_pinlet,Showcase,ChIJJ84XsEys0kwRz06e_pA1dyY,"{'compound_code': '7C4H+PH Kingston, Ontario', 'global_code': '87P57C4H+PH'}",3.9,ChIJJ84XsEys0kwRz06e_pA1dyY,GOOGLE,"['home_goods_store', 'point_of_interest', 'store', 'establishment']",28,"945 Gardiners Rd, Kingston",{'open_now': False},"[{'height': 1408, 'html_attributions': ['<a href=""https://maps.google.com/maps/contrib/102884814698418699128"">Terry Geary</a>'], 'photo_reference': 'Aap_uECfyYMwD8ugzxjLXBG66dbXKalAmovGZArx7RMoLtQB03vbirwilo2mqc4rG4kajBXJ6MMh8b0gjSVBAlit9U1EpGu9nkh9WdSc6oIg2sGPhlKGC7uBTCRaGOOzFANWMb4CU2o2JMFMIKZmhnX8oiH1Q1430w4-U_ybuJ7E0-igVz39', 'width': 2228}]",,https://www.google.com/maps/?q=place_id:ChIJJ84XsEys0kwRz06e_pA1dyY
OPERATIONAL,"{'location': {'lat': 44.23181, 'lng': -76.48328699999999}, 'viewport': {'northeast': {'lat': 44.23311577989273, 'lng': -76.48196772010728}, 'southwest': {'lat': 44.23041612010728, 'lng': -76.48466737989273}}}",https://maps.gstatic.com/mapfiles/place_api/icons/v1/png_71/shopping-71.png,#4B96F3,https://maps.gstatic.com/mapfiles/place_api/icons/v2/shopping_pinlet,Verde,ChIJYfuhdf-q0kwRSLV2nXwQWkw,"{'compound_code': '6GJ8+PM Kingston, Ontario', 'global_code': '87P56GJ8+PM'}",4.7,ChIJYfuhdf-q0kwRSLV2nXwQWkw,GOOGLE,"['home_goods_store', 'point_of_interest', 'store', 'establishment']",25,"123 Princess St, Kingston",{'open_now': False},"[{'height': 3264, 'html_attributions': ['<a href=""https://maps.google.com/maps/contrib/106686043670068693563"">A Google User</a>'], 'photo_reference': 'Aap_uEBmn4c3w60UU8W8GNouLLkodDht8zv4byF5eVJSTl_u70DnUTekOyywqwEh7XtdC_UDDvJ8nsb0_oFCLf7HVZBJKFolbfBn3jbBqd7Bi9YbtyO-McLGDKCRK_wAMm4wgxhvxirMi4WUdjg1fpcg1HPB0wJu9v5R6COXjR8u1j9HR_S8', 'width': 2448}]",,https://www.google.com/maps/?q=place_id:ChIJYfuhdf-q0kwRSLV2nXwQWkw
OPERATIONAL,"{'location': {'lat': 44.2594068, 'lng': -76.55063899999999}, 'viewport': {'northeast': {'lat': 44.26056637989272, 'lng': -76.54928692010726}, 'southwest': {'lat': 44.25786672010728, 'lng': -76.55198657989271}}}",https://maps.gstatic.com/mapfiles/place_api/icons/v1/png_71/shopping-71.png,#4B96F3,https://maps.gstatic.com/mapfiles/place_api/icons/v2/shopping_pinlet,Garden Centre at RONA,ChIJ4XFALVmt0kwRl_gmFPc0bMs,"{'compound_code': '7C5X+QP Kingston, Ontario', 'global_code': '87P57C5X+QP'}",4.0,ChIJ4XFALVmt0kwRl_gmFPc0bMs,GOOGLE,"['furniture_store', 'home_goods_store', 'general_contractor', 'food', 'point_of_interest', 'store', 'establishment']",1,"2342 Princess St, Kingston",{'open_now': False},"[{'height': 830, 'html_attributions': ['<a href=""https://maps.google.com/maps/contrib/107033216530367003541"">A Google User</a>'], 'photo_reference': 'Aap_uECGF2c82JHqOukvuYXcxmqjiWROz4jvza_OJEsywkVXF062nlqs1L7LjPIOciVtn4fzYx9HLa6B0UzgkUyG_EICiWFADFT-nYNQ9Cu7P3UVuyQKot8jPemsvkbSOuriSvw7u3f5zx6m3ngN-LgQxgezLth9ITDWwVoo4Qy2hMHw4fZ3', 'width': 1500}]",,https://www.google.com/maps/?q=place_id:ChIJ4XFALVmt0kwRl_gmFPc0bMs
OPERATIONAL,"{'location': {'lat': 44.2415273, 'lng': -76.5148413}, 'viewport': {'northeast': {'lat': 44.24270147989272, 'lng': -76.51348342010728}, 'southwest': {'lat': 44.24000182010728, 'lng': -76.51618307989271}}}",https://maps.gstatic.com/mapfiles/place_api/icons/v1/png_71/shopping-71.png,#4B96F3,https://maps.gstatic.com/mapfiles/place_api/icons/v2/shopping_pinlet,Canadian Tire,ChIJ_zld_Zur0kwRDwfpF-0MYSU,"{'compound_code': '6FRP+J3 Kingston, Ontario', 'global_code': '87P56FRP+J3'}",4.0,ChIJ_zld_Zur0kwRDwfpF-0MYSU,GOOGLE,"['department_store', 'car_repair', 'home_goods_store', 'point_of_interest', 'store', 'establishment']",1119,"59 Bath Rd, Kingston",{'open_now': False},"[{'height': 608, 'html_attributions': ['<a href=""https://maps.google.com/maps/contrib/111125403054325532981"">Canadian Tire</a>'], 'photo_reference': 'Aap_uEDNJpNhebmFZHpw4UYvcA1HtDZkOQeIPJUvJ_DddDMH9CJNdUpNLQsWJnZeMDCeMWS9oWRRLtSQYBwlCm4YJcI8lHwth_Tm80T_8vpB-BSlQGvamk-2h1UGERa48Lglq0YkBthhQ88TgrlHtKosVolf3KwIu5eQSufOvNip5mdmluTC', 'width': 1080}]",,https://www.google.com/maps/?q=place_id:ChIJ_zld_Zur0kwRDwfpF-0MYSU
OPERATIONAL,"{'location': {'lat': 44.24327160000001, 'lng': -76.562884}, 'viewport': {'northeast': {'lat': 44.24468577989272, 'lng': -76.56153822010728}, 'southwest': {'lat': 44.24198612010728, 'lng': -76.56423787989273}}}",https://maps.gstatic.com/mapfiles/place_api/icons/v1/png_71/shopping-71.png,#4B96F3,https://maps.gstatic.com/mapfiles/place_api/icons/v2/shopping_pinlet,Lee Valley,ChIJEbQBZVis0kwRAD1lw0HooA0,"{'compound_code': '6CVP+8R Kingston, Ontario', 'global_code': '87P56CVP+8R'}",4.6,ChIJEbQBZVis0kwRAD1lw0HooA0,GOOGLE,"['hardware_store', 'furniture_store', 'home_goods_store', 'point_of_interest', 'store', 'establishment']",98,"616 Gardiners Rd, Kingston",{'open_now': False},"[{'height': 3024, 'html_attributions': ['<a href=""https://maps.google.com/maps/contrib/115773022638980062285"">115773022638980062285</a>'], 'photo_reference': 'Aap_uEBjFVfoqfihXFQjfVJFDPtVoAM2JoEbWtvxOLsEH5iPaH_SJydBLPym2KVNIxhl6BPS3Jj3nSYDwPjztbY1rJFsltYR1Ug9TNZeQKm1vHROA3g0xf9zxCpQaG3j4UpChQ_utgkt-7-5gv4dCuu0WZ_AteiULimq8s_XgtnFfylKJuG4', 'width': 4032}]",,https://www.google.com/maps/?q=place_id:ChIJEbQBZVis0kwRAD1lw0HooA0
OPERATIONAL,"{'location': {'lat': 44.2599674, 'lng': -76.5024932}, 'viewport': {'northeast': {'lat': 44.26131722989273, 'lng': -76.50114337010729}, 'southwest': {'lat': 44.25861757010728, 'lng': -76.50384302989272}}}",https://maps.gstatic.com/mapfiles/place_api/icons/v1/png_71/shopping-71.png,#4B96F3,https://maps.gstatic.com/mapfiles/place_api/icons/v2/shopping_pinlet,Villager By Tsc,ChIJNdg4SOmr0kwRM9alyKxkxl8,"{'compound_code': '7F5X+X2 Kingston, Ontario', 'global_code': '87P57F5X+X2'}",3.3,ChIJNdg4SOmr0kwRM9alyKxkxl8,GOOGLE,"['hardware_store', 'point_of_interest', 'store', 'establishment']",265,"1093 John Counter Blvd, Kingston",{'open_now': False},"[{'height': 4032, 'html_attributions': ['<a href=""https://maps.google.com/maps/contrib/102919061303657662630"">lauralee burke</a>'], 'photo_reference': 'Aap_uEBy2f6u13YB7mDC8wpmBiSdDKhb8wpW9xFAeU2Fo_Py2baE94cDs-AN2uina2Xl5V96w2_A4QTA1DlusW7xYXGvv2V4fkPtskwd4R8FWYildSRBI08dOxb2__PMZ5S8mAdGpWTSTGvDmq8sWv9ObCzxXskiYygH_LpyIkxswoGAUg7z', 'width': 3024}]",,https://www.google.com/maps/?q=place_id:ChIJNdg4SOmr0kwRM9alyKxkxl8
OPERATIONAL,"{'location': {'lat': 44.2455765, 'lng': -76.5739152}, 'viewport': {'northeast': {'lat': 44.24655302989272, 'lng': -76.57273272010728}, 'southwest': {'lat': 44.24385337010727, 'lng': -76.57543237989273}}}",https://maps.gstatic.com/mapfiles/place_api/icons/v1/png_71/shopping-71.png,#4B96F3,https://maps.gstatic.com/mapfiles/place_api/icons/v2/shopping_pinlet,Vicky's Appliance Parts & Service,ChIJW2tKW1Ws0kwR_YXQEcWNJvo,"{'compound_code': '6CWG+6C Kingston, Ontario', 'global_code': '87P56CWG+6C'}",4.4,ChIJW2tKW1Ws0kwR_YXQEcWNJvo,GOOGLE,"['electronics_store', 'home_goods_store', 'point_of_interest', 'store', 'establishment']",54,"672 McKay St, Kingston",{'open_now': False},"[{'height': 1134, 'html_attributions': ['<a href=""https://maps.google.com/maps/contrib/106495497764767330203"">A Google User</a>'], 'photo_reference': 'Aap_uED-Ox4Mq06fqSnR0q_tXjhjPX7UVN5MdTrSfwtxIwltBKld6B74OCc0fKxl9K11hzg08ebpEAvmTjBmB8Jc_dA7kpO53iab7-jtLMK3GVEJvknVME6nSYFBhjk1IGgbg9l161K39SL7wse1ELFSE69gUgx5D5BfULCqwIi35ZkUueCg', 'width': 2016}]",,https://www.google.com/maps/?q=place_id:ChIJW2tKW1Ws0kwR_YXQEcWNJvo
OPERATIONAL,"{'location': {'lat': 44.2627568, 'lng': -76.4999867}, 'viewport': {'northeast': {'lat': 44.26424672989272, 'lng': -76.49865462010729}, 'southwest': {'lat': 44.26154707010728, 'lng': -76.50135427989272}}}",https://maps.gstatic.com/mapfiles/place_api/icons/v1/png_71/shopping-71.png,#4B96F3,https://maps.gstatic.com/mapfiles/place_api/icons/v2/shopping_pinlet,Canadian Tire,ChIJB1fbSuar0kwR5PH_oG06_jw,"{'compound_code': '7G72+42 Kingston, Ontario', 'global_code': '87P57G72+42'}",4.1,ChIJB1fbSuar0kwR5PH_oG06_jw,GOOGLE,"['department_store', 'car_repair', 'home_goods_store', 'point_of_interest', 'store', 'establishment']",999,"1040 Division St, Kingston",{'open_now': False},"[{'height': 608, 'html_attributions': ['<a href=""https://maps.google.com/maps/contrib/101806086827965739932"">Canadian Tire</a>'], 'photo_reference': 'Aap_uECO8Bkz-e47QNOqWwQTdM-HZ-HPqVho0j5CSCOJnBYjLdGTkZ2yZ3aVyG19xkeT7g70ibKY4w6S13BNTxBBiaMMc9dbu_8Chx_z3ViO7jUqba6vS34etTWdEPSBqa9AtKP3j3lGs0Q1FwwgDPDJTh0E1RdWAKVz3oQD6TeQkWp-CXab', 'width': 1080}]",,https://www.google.com/maps/?q=place_id:ChIJB1fbSuar0kwR5PH_oG06_jw
OPERATIONAL,"{'location': {'lat': 44.23295479999999, 'lng': -76.48344589999999}, 'viewport': {'northeast': {'lat': 44.23430462989271, 'lng': -76.48209607010727}, 'southwest': {'lat': 44.23160497010727, 'lng': -76.48479572989271}}}",https://maps.gstatic.com/mapfiles/place_api/icons/v1/png_71/shopping-71.png,#4B96F3,https://maps.gstatic.com/mapfiles/place_api/icons/v2/shopping_pinlet,Staples,ChIJ-zWTif-q0kwRRKT-U5efwpk,"{'compound_code': '6GM8+5J Kingston, Ontario', 'global_code': '87P56GM8+5J'}",4.1,ChIJ-zWTif-q0kwRRKT-U5efwpk,GOOGLE,"['electronics_store', 'furniture_store', 'home_goods_store', 'point_of_interest', 'store', 'establishment']",346,"105 Queen St, Kingston",{'open_now': False},"[{'height': 3024, 'html_attributions': ['<a href=""https://maps.google.com/maps/contrib/107665969441335948477"">Robert Crew</a>'], 'photo_reference': 'Aap_uEBdqsL0MwHBRFIy9kTrPB95i_Kiu5uBUT84L0mhh36ATMMDHCGWdn1wz9XAyxF3I5vJWVp5FaZ95gfQeIvMzggEcQVgE4YmOkJIRDJmBoS3NCXECSJDNT_JV-wtNVROC2aD6sOqngsyAnSBSAff7svECSNq8ZEwRG6JPMIi8egYKChj', 'width': 4032}]",2.0,https://www.google.com/maps/?q=place_id:ChIJ-zWTif-q0kwRRKT-U5efwpk
OPERATIONAL,"{'location': {'lat': 44.2597582, 'lng': -76.5700623}, 'viewport': {'northeast': {'lat': 44.26110572989272, 'lng': -76.56865497010729}, 'southwest': {'lat': 44.25840607010728, 'lng': -76.57135462989272}}}",https://maps.gstatic.com/mapfiles/place_api/icons/v1/png_71/shopping-71.png,#4B96F3,https://maps.gstatic.com/mapfiles/place_api/icons/v2/shopping_pinlet,Canadian Tire,ChIJJ4oZ5kqs0kwR6G1Qvbyb_eQ,"{'compound_code': '7C5H+WX Kingston, Ontario', 'global_code': '87P57C5H+WX'}",4.1,ChIJJ4oZ5kqs0kwR6G1Qvbyb_eQ,GOOGLE,"['department_store', 'car_repair', 'home_goods_store', 'point_of_interest', 'store', 'establishment']",1600,"2560 Princess St, Kingston",{'open_now': False},"[{'height': 4032, 'html_attributions': ['<a href=""https://maps.google.com/maps/contrib/102860844203754972176"">Sarah Sutton</a>'], 'photo_reference': 'Aap_uEBcn-98QXfD7fWY-9AkAQpSSclkIC-1NJ_SLwNrdhVt1jLue2648l8gvaTQu0wSE3j2WVvaPepXy5bG2I96R2bpSSZftXgHn9uegwNu--Ah20Agl2KxBaccIafa0mkHI0Z2_xD1V82pljxAWw8CeRF-g6BrpjL9033ll1FAQJHFq5m5', 'width': 1960}]",,https://www.google.com/maps/?q=place_id:ChIJJ4oZ5kqs0kwR6G1Qvbyb_eQ
OPERATIONAL,"{'location': {'lat': 44.2430373, 'lng': -76.5648712}, 'viewport': {'northeast': {'lat': 44.24444727989273, 'lng': -76.56369587010727}, 'southwest': {'lat': 44.24174762010728, 'lng': -76.56639552989272}}}",https://maps.gstatic.com/mapfiles/place_api/icons/v1/png_71/shopping-71.png,#4B96F3,https://maps.gstatic.com/mapfiles/place_api/icons/v2/shopping_pinlet,Bed Bath & Beyond,ChIJ83uQclis0kwRjhuRgiitU8I,"{'compound_code': '6CVP+63 Kingston, Ontario', 'global_code': '87P56CVP+63'}",4.0,ChIJ83uQclis0kwRjhuRgiitU8I,GOOGLE,"['department_store', 'home_goods_store', 'point_of_interest', 'store', 'establishment']",358,"616 Gardiners Rd #1, Kingston",{'open_now': False},"[{'height': 3096, 'html_attributions': ['<a href=""https://maps.google.com/maps/contrib/100678416816615961218"">A Google User</a>'], 'photo_reference': 'Aap_uEBjuR2hMXZfre2z5XES_Q_DuAts1h1NPYnUCCSOYHHjSdP35jojC8MqCsSeCwCBs6p8WAckhHA5-di57pyu81ylRdGEDYkVR0Xo-zMthwjigSZDaU-fG8F7udcAj9qRzf0w9Qpkd2Hc5lgjVr1BLl8Da1gfaoTTMHlCk2-m698UZ7PU', 'width': 4128}]",2.0,https://www.google.com/maps/?q=place_id:ChIJ83uQclis0kwRjhuRgiitU8I
OPERATIONAL,"{'location': {'lat': 44.2316691, 'lng': -76.4816613}, 'viewport': {'northeast': {'lat': 44.23335662989272, 'lng': -76.48020447010727}, 'southwest': {'lat': 44.23065697010728, 'lng': -76.48290412989272}}}",https://maps.gstatic.com/mapfiles/place_api/icons/v1/png_71/shopping-71.png,#4B96F3,https://maps.gstatic.com/mapfiles/place_api/icons/v2/shopping_pinlet,Antique Emporium,ChIJ7S7k4_-q0kwRz48VSIs4X-I,"{'compound_code': '6GJ9+M8 Kingston, Ontario', 'global_code': '87P56GJ9+M8'}",3.9,ChIJ7S7k4_-q0kwRz48VSIs4X-I,GOOGLE,"['home_goods_store', 'point_of_interest', 'store', 'establishment']",35,"77 Princess St, Kingston",{'open_now': False},"[{'height': 3072, 'html_attributions': ['<a href=""https://maps.google.com/maps/contrib/112803102541709136846"">Janet Evans</a>'], 'photo_reference': 'Aap_uECNnoUkp6oXzJImFDJL16q3Cy0Y-rb2qRmZ8gyTRMky1sf272-hG2oTqFM7Lqr1rY1Hbf2oOGH22hAUmjS-l8VlJGZv24_nkTrOTjk_dX2dAsIiNDviZaxXQNjxFYfp4bgLPr62b42BTk1xIwpo3kmL84O2APhE4DbyicRtiENEQSwq', 'width': 4080}]",,https://www.google.com/maps/?q=place_id:ChIJ7S7k4_-q0kwRz48VSIs4X-I
OPERATIONAL,"{'location': {'lat': 44.2546849, 'lng': -76.4927397}, 'viewport': {'northeast': {'lat': 44.25603472989272, 'lng': -76.49138987010728}, 'southwest': {'lat': 44.25333507010728, 'lng': -76.49408952989272}}}",https://maps.gstatic.com/mapfiles/place_api/icons/v1/png_71/shopping-71.png,#4B96F3,https://maps.gstatic.com/mapfiles/place_api/icons/v2/shopping_pinlet,Wolseley Plumbing,ChIJGQNdxc2MfVMRVwvKBHcMavE,"{'compound_code': '7G34+VW Kingston, Ontario', 'global_code': '87P57G34+VW'}",4.6,ChIJGQNdxc2MfVMRVwvKBHcMavE,GOOGLE,"['point_of_interest', 'store', 'establishment']",13,"75 Harvey St, Kingston",{'open_now': False},"[{'height': 3024, 'html_attributions': ['<a href=""https://maps.google.com/maps/contrib/100364169393204679408"">Rob McLellan</a>'], 'photo_reference': 'Aap_uECJwGba8STPX8ISmUK9eYxteoChMBVuk4FJX1dB8RZAQt8Zr5MqGEGWhnz17FUZ5pLWoZCFA9BoRFKDOe9np-hIgpBMmr6Y5_A76PQMuSw-LRTpqtzfUobtjmK3N3MdwRCDBy6iUDLrDC77E4p7oBha8znsz9r8TCN9u2CUSXXZmyRe', 'width': 4032}]",,https://www.google.com/maps/?q=place_id:ChIJGQNdxc2MfVMRVwvKBHcMavE
OPERATIONAL,"{'location': {'lat': 44.24172009999999, 'lng': -76.4945022}, 'viewport': {'northeast': {'lat': 44.24316357989272, 'lng': -76.49321422010728}, 'southwest': {'lat': 44.24046392010727, 'lng': -76.49591387989271}}}",https://maps.gstatic.com/mapfiles/place_api/icons/v1/png_71/shopping-71.png,#4B96F3,https://maps.gstatic.com/mapfiles/place_api/icons/v2/convenience_pinlet,Circle K,ChIJXYntbaWr0kwRJlv60c3Iz40,"{'compound_code': '6GR4+M5 Kingston, Ontario', 'global_code': '87P56GR4+M5'}",3.6,ChIJXYntbaWr0kwRJlv60c3Iz40,GOOGLE,"['convenience_store', 'atm', 'finance', 'food', 'point_of_interest', 'store', 'establishment']",20,"451 Division St, Kingston",{'open_now': True},"[{'height': 2988, 'html_attributions': ['<a href=""https://maps.google.com/maps/contrib/112662835829019699713"">Dominic Owens</a>'], 'photo_reference': 'Aap_uEB2VK7WOIuC6mDn9h7bbslgV6faYoitXyRLAYbbtpmI9alKxQ63kgkNORHS8wcPOeVNUdUmVZJfAuKhrrnfGM8gT8bey3Ep1IB8ynv4hX5KSwKXidSZyVdcOwxTB-u9-vma6FgXpCJqyolQtevITs4MfNmReX-4xx_IbA74Ad1bYd4a', 'width': 5312}]",1.0,https://www.google.com/maps/?q=place_id:ChIJXYntbaWr0kwRJlv60c3Iz40
OPERATIONAL,"{'location': {'lat': 44.2660141, 'lng': -76.4982193}, 'viewport': {'northeast': {'lat': 44.26736392989272, 'lng': -76.49686947010727}, 'southwest': {'lat': 44.26466427010728, 'lng': -76.49956912989272}}}",https://maps.gstatic.com/mapfiles/place_api/icons/v1/png_71/shopping-71.png,#4B96F3,https://maps.gstatic.com/mapfiles/place_api/icons/v2/convenience_pinlet,Circle K,ChIJ3Qqdwuar0kwRHrJN3KyLVxs,"{'compound_code': '7G82+CP Kingston, Ontario', 'global_code': '87P57G82+CP'}",2.7,ChIJ3Qqdwuar0kwRHrJN3KyLVxs,GOOGLE,"['convenience_store', 'atm', 'car_wash', 'gas_station', 'finance', 'food', 'point_of_interest', 'store', 'establishment']",9,"1185 Division St, Kingston",{'open_now': True},,1.0,https://www.google.com/maps/?q=place_id:ChIJ3Qqdwuar0kwRHrJN3KyLVxs
OPERATIONAL,"{'location': {'lat': 44.2291371, 'lng': -76.48095909999999}, 'viewport': {'northeast': {'lat': 44.23045482989272, 'lng': -76.47956112010728}, 'southwest': {'lat': 44.22775517010728, 'lng': -76.48226077989273}}}",https://maps.gstatic.com/mapfiles/place_api/icons/v1/png_71/shopping-71.png,#4B96F3,https://maps.gstatic.com/mapfiles/place_api/icons/v2/convenience_pinlet,Circle K,ChIJiSnmNvmq0kwR92exkMYIPJU,"{'compound_code': '6GH9+MJ Kingston, Ontario', 'global_code': '87P56GH9+MJ'}",3.7,ChIJiSnmNvmq0kwR92exkMYIPJU,GOOGLE,"['convenience_store', 'atm', 'meal_takeaway', 'finance', 'restaurant', 'food', 'point_of_interest', 'store', 'establishment']",17,"196 Ontario St, Kingston",{'open_now': True},"[{'height': 4032, 'html_attributions': ['<a href=""https://maps.google.com/maps/contrib/112225693398296878439"">S P</a>'], 'photo_reference': 'Aap_uEBKHPhHwrUmXxpMz9-gCN_H1bdTc_g-Bt975upCenFtOXZe2NhWxsf8OfIqUNEpXyVuNWNty5185nZXK-5Wj2SA6szPrkIVqeIxmNwkSNewjozI7DZ2EH2e25SWRPSCN2HM1DsQGFChhMK1_In_9auyfDcq2agPT2I5ONhHFTb8SR2f', 'width': 1960}]",,https://www.google.com/maps/?q=place_id:ChIJiSnmNvmq0kwR92exkMYIPJU
OPERATIONAL,"{'location': {'lat': 44.2334948, 'lng': -76.4806445}, 'viewport': {'northeast': {'lat': 44.23483647989273, 'lng': -76.47944977010728}, 'southwest': {'lat': 44.23213682010729, 'lng': -76.48214942989273}}}",https://maps.gstatic.com/mapfiles/place_api/icons/v1/png_71/shopping-71.png,#4B96F3,https://maps.gstatic.com/mapfiles/place_api/icons/v2/shoppingcart_pinlet,Food Basics,ChIJbQuk7FWq0kwRBg2_oBLi9qs,"{'compound_code': '6GM9+9P Kingston, Ontario', 'global_code': '87P56GM9+9P'}",4.1,ChIJbQuk7FWq0kwRBg2_oBLi9qs,GOOGLE,"['supermarket', 'grocery_or_supermarket', 'food', 'point_of_interest', 'store', 'establishment']",548,"33 Barrack St, Kingston",{'open_now': False},"[{'height': 3589, 'html_attributions': ['<a href=""https://maps.google.com/maps/contrib/105800472749273332155"">H Boomer</a>'], 'photo_reference': 'Aap_uEDL2p-oG0WxJTAwsi7rZ0P9k1kN4_hXl1eUhajKbZSOckO5V9ZsPQ4_71CtvDE98aTXXH-0b1nFC6ra6XPJU6Ayy7PgLh9mmTerzVtqcdH-_fgBrqfO_fFAG5Mg6Lw9IlAYJ2HqG64_4CqG2IkJX8gkxfI5UDLHwOJLmx99GMr8VT6z', 'width': 2704}]",,https://www.google.com/maps/?q=place_id:ChIJbQuk7FWq0kwRBg2_oBLi9qs
OPERATIONAL,"{'location': {'lat': 44.2933155, 'lng': -76.6302169}, 'viewport': {'northeast': {'lat': 44.29467787989272, 'lng': -76.62849102010726}, 'southwest': {'lat': 44.29197822010728, 'lng': -76.63119067989271}}}",https://maps.gstatic.com/mapfiles/place_api/icons/v1/png_71/generic_business-71.png,#7B9EB0,https://maps.gstatic.com/mapfiles/place_api/icons/v2/generic_pinlet,Environmental 360 Solutions,ChIJVW1zrxqx0kwRS1AjyjVzFDA,"{'compound_code': '79V9+8W Westbrook, Kingston, ON', 'global_code': '87P579V9+8W'}",4.6,ChIJVW1zrxqx0kwRS1AjyjVzFDA,GOOGLE,"['point_of_interest', 'establishment']",8,"1709 Westbrook Rd, Westbrook",{'open_now': False},,,https://www.google.com/maps/?q=place_id:ChIJVW1zrxqx0kwRS1AjyjVzFDA
OPERATIONAL,"{'location': {'lat': 44.2680198, 'lng': -76.4796226}, 'viewport': {'northeast': {'lat': 44.26936962989272, 'lng': -76.47827277010727}, 'southwest': {'lat': 44.26666997010727, 'lng': -76.48097242989272}}}",https://maps.gstatic.com/mapfiles/place_api/icons/v1/png_71/shopping-71.png,#4B96F3,https://maps.gstatic.com/mapfiles/place_api/icons/v2/convenience_pinlet,Circle K,ChIJE9ZbFdir0kwR-ZW7Aqh74r4,"{'compound_code': '7G9C+65 Kingston, Ontario', 'global_code': '87P57G9C+65'}",3.8,ChIJE9ZbFdir0kwR-ZW7Aqh74r4,GOOGLE,"['convenience_store', 'atm', 'meal_takeaway', 'finance', 'restaurant', 'food', 'point_of_interest', 'store', 'establishment']",12,"106 Sutherland Dr, Kingston",{'open_now': True},"[{'height': 3024, 'html_attributions': ['<a href=""https://maps.google.com/maps/contrib/115994663829805319571"">Arsh Aneja</a>'], 'photo_reference': 'Aap_uECGuyeIaxhYONRScZj-_dTb-QHeUzpUgOOKrR8kmdgILgJpoUCD9PFSo2lYJRutmZM_f4Z0DbExVsq3IcYl5OYsYsy5joPiBhT5wJtIoVeHDPkFNjfICLHUkvxvax79VuToD0XgZkM3Vni1gIkPfqyqS8eVI5Hao2telGXnSzOzLcJo', 'width': 4032}]",1.0,https://www.google.com/maps/?q=place_id:ChIJE9ZbFdir0kwR-ZW7Aqh74r4
OPERATIONAL,"{'location': {'lat': 44.2594428, 'lng': -76.5719297}, 'viewport': {'northeast': {'lat': 44.26076802989272, 'lng': -76.57084567010727}, 'southwest': {'lat': 44.25806837010727, 'lng': -76.57354532989272}}}",https://maps.gstatic.com/mapfiles/place_api/icons/v1/png_71/shopping-71.png,#4B96F3,https://maps.gstatic.com/mapfiles/place_api/icons/v2/shopping_pinlet,"Toys""R""Us",ChIJwRuovLWt0kwReExK1Z5nteY,"{'compound_code': '7C5H+Q6 Kingston, Ontario', 'global_code': '87P57C5H+Q6'}",4.1,ChIJwRuovLWt0kwReExK1Z5nteY,GOOGLE,"['book_store', 'bicycle_store', 'home_goods_store', 'point_of_interest', 'store', 'establishment']",220,"1020 Midland Ave, Kingston",{'open_now': False},"[{'height': 2988, 'html_attributions': ['<a href=""https://maps.google.com/maps/contrib/115968178200407108962"">Zeeshan Qureshi</a>'], 'photo_reference': 'Aap_uECAuPcxg_zI_hOx6WyUtZOvtlfeEgkCyn6TDlQ9OapTwk3Y4LOKZxN1im2Ps1Vg3HKq9V_6Wgt-b-6Bunigq-ZXp_QArVd3OQybRQCMCpLceBSIksRWsDEFP_Vc9MMw8vxwobHiHTAK5rVtrJLvN9y7nE4u6P6t-GtZ0nWu2JN97N-x', 'width': 3984}]",2.0,https://www.google.com/maps/?q=place_id:ChIJwRuovLWt0kwReExK1Z5nteY
OPERATIONAL,"{'location': {'lat': 44.2451493, 'lng': -76.5631456}, 'viewport': {'northeast': {'lat': 44.24635577989272, 'lng': -76.56197127010728}, 'southwest': {'lat': 44.24365612010728, 'lng': -76.56467092989271}}}",https://maps.gstatic.com/mapfiles/place_api/icons/v1/png_71/shopping-71.png,#4B96F3,https://maps.gstatic.com/mapfiles/place_api/icons/v2/shopping_pinlet,Winners & HomeSense,ChIJK6Cr5Fis0kwR95r-VKbOz6Y,"{'compound_code': '6CWP+3P Kingston, Ontario', 'global_code': '87P56CWP+3P'}",4.2,ChIJK6Cr5Fis0kwR95r-VKbOz6Y,GOOGLE,"['department_store', 'shoe_store', 'point_of_interest', 'clothing_store', 'store', 'establishment']",563,"646 Gardiners Rd Unit 16, Kingston",{'open_now': False},"[{'height': 1080, 'html_attributions': ['<a href=""https://maps.google.com/maps/contrib/109301729608837508406"">Bill Edmunds</a>'], 'photo_reference': 'Aap_uEAGkbEEegU1g7cnwnS2IYyNeA7OngyFgh5V2oUxDbemz9W0Lzi68Wm-1VmenaDQ4gj4d3m3u-_4ExdkDiMfrDkPvYQk_CL5WjXKApl0WxchbjHFICqT1Sw7PPumH88gHIb8Q_XWW8XZb-Sm7IP_6dox03B8mS5PNqzhKhnl-nJqa71G', 'width': 1920}]",,https://www.google.com/maps/?q=place_id:ChIJK6Cr5Fis0kwR95r-VKbOz6Y
OPERATIONAL,"{'location': {'lat': 44.2393344, 'lng': -76.5665333}, 'viewport': {'northeast': {'lat': 44.24051847989271, 'lng': -76.56516897010728}, 'southwest': {'lat': 44.23781882010727, 'lng': -76.56786862989273}}}",https://maps.gstatic.com/mapfiles/place_api/icons/v1/png_71/shopping-71.png,#4B96F3,https://maps.gstatic.com/mapfiles/place_api/icons/v2/shopping_pinlet,Talize Thrift Store,ChIJc7NfQPes0kwRyauMKsc48kM,"{'compound_code': '6CQM+P9 Kingston, Ontario', 'global_code': '87P56CQM+P9'}",4.2,ChIJc7NfQPes0kwRyauMKsc48kM,GOOGLE,"['point_of_interest', 'store', 'establishment']",713,"540 Gardiners Rd, Kingston",{'open_now': False},"[{'height': 2592, 'html_attributions': ['<a href=""https://maps.google.com/maps/contrib/104902230921426964507"">Reza Aalaeifar</a>'], 'photo_reference': 'Aap_uEBa-v4ei7bfx5K3HALGltm4u8lCxCXrbY6AsN6ExNqPYwuGx-1HMZF4dchvyVWQI7wwzYhcrHX5-yMOeRpmlJnGePsrXEBxtSkNiklYVfx-bFxGBpx_KjF7THP6r1sNC_KkFOISh0hrTHwGzAE55qIL6fyuUaUwI5wXZLTWIAxWJJaZ', 'width': 4608}]",,https://www.google.com/maps/?q=place_id:ChIJc7NfQPes0kwRyauMKsc48kM
OPERATIONAL,"{'location': {'lat': 44.2344015, 'lng': -76.4961129}, 'viewport': {'northeast': {'lat': 44.23584452989272, 'lng': -76.49466897010728}, 'southwest': {'lat': 44.23314487010727, 'lng': -76.49736862989272}}}",https://maps.gstatic.com/mapfiles/place_api/icons/v1/png_71/shopping-71.png,#4B96F3,https://maps.gstatic.com/mapfiles/place_api/icons/v2/convenience_pinlet,Circle K,ChIJY5orGair0kwR04gGh6CVjuA,"{'compound_code': '6GM3+QH Kingston, Ontario', 'global_code': '87P56GM3+QH'}",3.8,ChIJY5orGair0kwR04gGh6CVjuA,GOOGLE,"['convenience_store', 'atm', 'meal_takeaway', 'finance', 'restaurant', 'food', 'point_of_interest', 'store', 'establishment']",18,"490 Princess St, Kingston",{'open_now': True},"[{'height': 1960, 'html_attributions': ['<a href=""https://maps.google.com/maps/contrib/109629686061459246298"">A Google User</a>'], 'photo_reference': 'Aap_uECg8ePQaYiQHASGVWvnwHlPng9xBHRjGATkgq93eKtJ_4MzGkHcl_mxIeiImj1Z1lNA-a1Sok7Ms8wRFBc_cc21mK6sTjJb6Cv19xtEA20zQj9yqoyxt7QcsmbSDpQ9wwprZeK891j8vAjfGOuvttOBY1POfKEbvuAyKTtGKZyAuEh_', 'width': 4032}]",1.0,https://www.google.com/maps/?q=place_id:ChIJY5orGair0kwR04gGh6CVjuA
OPERATIONAL,"{'location': {'lat': 44.23994769999999, 'lng': -76.5286084}, 'viewport': {'northeast': {'lat': 44.24112697989272, 'lng': -76.52726672010728}, 'southwest': {'lat': 44.23842732010727, 'lng': -76.52996637989271}}}",https://maps.gstatic.com/mapfiles/place_api/icons/v1/png_71/shopping-71.png,#4B96F3,https://maps.gstatic.com/mapfiles/place_api/icons/v2/convenience_pinlet,Circle K,ChIJ8cSAToCr0kwRplB2RXMFVxk,"{'compound_code': '6FQC+XH Kingston, Ontario', 'global_code': '87P56FQC+XH'}",4.6,ChIJ8cSAToCr0kwRplB2RXMFVxk,GOOGLE,"['convenience_store', 'atm', 'meal_takeaway', 'finance', 'restaurant', 'food', 'point_of_interest', 'store', 'establishment']",20,"357 Bath Rd, Kingston",{'open_now': True},"[{'height': 3096, 'html_attributions': ['<a href=""https://maps.google.com/maps/contrib/100678416816615961218"">A Google User</a>'], 'photo_reference': 'Aap_uEBdaZ6swJTXm0EcF3nhfp4l-I4_TOvKU520XA0WsyN0rLdArE9PcryBI6sOQlSzIsBmDx-xtIviy0X8rXuGErwzJuoMWMUk7OY9ko5bDe5cwRC7Bedy2giulNG53lbqF5ZDqN2JVOt2E4dW_lWpFHpn4kwp-e_NV6vHp7uIQCi5wRou', 'width': 4128}]",1.0,https://www.google.com/maps/?q=place_id:ChIJ8cSAToCr0kwRplB2RXMFVxk
OPERATIONAL,"{'location': {'lat': 44.2316346, 'lng': -76.48346099999999}, 'viewport': {'northeast': {'lat': 44.23298442989272, 'lng': -76.48211117010727}, 'southwest': {'lat': 44.23028477010728, 'lng': -76.48481082989272}}}",https://maps.gstatic.com/mapfiles/place_api/icons/v1/png_71/shopping-71.png,#4B96F3,https://maps.gstatic.com/mapfiles/place_api/icons/v2/shopping_pinlet,Dollar Tree,ChIJz3M1n_-q0kwRdIPtyRcP-rM,"{'compound_code': '6GJ8+MJ Kingston, Ontario', 'global_code': '87P56GJ8+MJ'}",4.1,ChIJz3M1n_-q0kwRdIPtyRcP-rM,GOOGLE,"['home_goods_store', 'food', 'point_of_interest', 'store', 'establishment']",140,"122 Princess St, Kingston",{'open_now': False},"[{'height': 3264, 'html_attributions': ['<a href=""https://maps.google.com/maps/contrib/115116117862464734018"">baptiste vaesken</a>'], 'photo_reference': 'Aap_uEBAZjDMOpqTh0H3YpT3HBXjXcXSNR7lJLfnbysEgvVx2SSClma03QmQL8JFPZE2Y3YFglcQC9WCEVVW4EJRR3e1mHUsVzQ9B5BdiFqgGovfvBcs1pCRLf4Vo_9jdM3zpp4eoMlccU_xjUkJE8MgnHCypW-mAGNJmaJTJsfMGPICir-1', 'width': 2448}]",,https://www.google.com/maps/?q=place_id:ChIJz3M1n_-q0kwRdIPtyRcP-rM
OPERATIONAL,"{'location': {'lat': 44.2376627, 'lng': -76.537063}, 'viewport': {'northeast': {'lat': 44.23919707989272, 'lng': -76.53574832010727}, 'southwest': {'lat': 44.23649742010728, 'lng': -76.53844797989272}}}",https://maps.gstatic.com/mapfiles/place_api/icons/v1/png_71/shopping-71.png,#4B96F3,https://maps.gstatic.com/mapfiles/place_api/icons/v2/shopping_pinlet,Dollar Tree,ChIJw-Txm4Cs0kwREjHTKnoSg1c,"{'compound_code': '6FQ7+35 Kingston, Ontario', 'global_code': '87P56FQ7+35'}",4.2,ChIJw-Txm4Cs0kwREjHTKnoSg1c,GOOGLE,"['home_goods_store', 'food', 'point_of_interest', 'store', 'establishment']",101,"400 Bath Rd, Kingston",{'open_now': False},"[{'height': 608, 'html_attributions': ['<a href=""https://maps.google.com/maps/contrib/116131998098104182756"">Dollar Tree</a>'], 'photo_reference': 'Aap_uEBjd2rI16YpVYMaaZndxbCY7s4S44IFMKEsJ_ZdLRBFgt6T3lTT8b7bqE9mByB31qTO0QJZV7PbTM1HDIcI1AVQoptUyC67mk6Ii62GcNpxPwQAa5rGTp5A5zZTqKuaFxoR0mvco44iC4FrX8bBpGFPJAJ4ePD7Vnr3Q-Y-4DWaojHD', 'width': 1080}]",,https://www.google.com/maps/?q=place_id:ChIJw-Txm4Cs0kwREjHTKnoSg1c
OPERATIONAL,"{'location': {'lat': 44.257084, 'lng': -76.5721955}, 'viewport': {'northeast': {'lat': 44.25827337989272, 'lng': -76.57038802010726}, 'southwest': {'lat': 44.25557372010728, 'lng': -76.57308767989271}}}",https://maps.gstatic.com/mapfiles/place_api/icons/v1/png_71/shopping-71.png,#4B96F3,https://maps.gstatic.com/mapfiles/place_api/icons/v2/shopping_pinlet,Indigo - Kingston,ChIJ88MNpzKt0kwRfSg4NhU8YMc,"{'compound_code': '7C4H+R4 Kingston, Ontario', 'global_code': '87P57C4H+R4'}",4.2,ChIJ88MNpzKt0kwRfSg4NhU8YMc,GOOGLE,"['book_store', 'point_of_interest', 'store', 'establishment']",836,"945 Gardiners Rd Unit Y011, Kingston",{'open_now': False},"[{'height': 2592, 'html_attributions': ['<a href=""https://maps.google.com/maps/contrib/110711952395473277518"">Ethan Jenkins</a>'], 'photo_reference': 'Aap_uEBS574-uAA1Z1zZ159d4FXHY_XmmoPa6pLsLvMAnUVWoC9R6rFR2UOECNFRiS6K8j5u6KpUr2WsP3UDzNEQM-hcuRvXQUyZnjbUF5ILAw53-wxaM9_DIYs9FG1Wvr4O3_oDC_4ZuW6omq6n1RCGCK_upx2Zg3rY2v3ChFlbgfo3YHPI', 'width': 4608}]",,https://www.google.com/maps/?q=place_id:ChIJ88MNpzKt0kwRfSg4NhU8YMc
OPERATIONAL,"{'location': {'lat': 44.25952909999999, 'lng': -76.5183181}, 'viewport': {'northeast': {'lat': 44.26063922989272, 'lng': -76.51689577010728}, 'southwest': {'lat': 44.25793957010727, 'lng': -76.51959542989273}}}",https://maps.gstatic.com/mapfiles/place_api/icons/v1/png_71/shopping-71.png,#4B96F3,https://maps.gstatic.com/mapfiles/place_api/icons/v2/shopping_pinlet,"Nedco - Kingston, ON",ChIJPY4_SPSr0kwR-q4RctsU1rM,"{'compound_code': '7F5J+RM Kingston, Ontario', 'global_code': '87P57F5J+RM'}",4.8,ChIJPY4_SPSr0kwR-q4RctsU1rM,GOOGLE,"['point_of_interest', 'store', 'establishment']",11,"1407 John Counter Blvd, Kingston",{'open_now': False},"[{'height': 3024, 'html_attributions': ['<a href=""https://maps.google.com/maps/contrib/109326983067058958245"">Lawrence Abbott</a>'], 'photo_reference': 'Aap_uEBjSQRs-KYXNbH7m0ALIW5A9YGrXgBxHkbtfKdRV0ckZdfD-5cmUPyLnQSiBOOqZr6skFa4MA2VNvp06S2I48sJEmbOBa909l26Z5BMo0NBRZQHyKZvx4z7RvSiD6XrNv30485e4C1a364lObvDkfeHFoSMRW_0koMcw5dY0ggWSD3l', 'width': 4032}]",,https://www.google.com/maps/?q=place_id:ChIJPY4_SPSr0kwR-q4RctsU1rM
OPERATIONAL,"{'location': {'lat': 44.2430128, 'lng': -76.5643091}, 'viewport': {'northeast': {'lat': 44.24452557989272, 'lng': -76.56319837010727}, 'southwest': {'lat': 44.24182592010727, 'lng': -76.56589802989272}}}",https://maps.gstatic.com/mapfiles/place_api/icons/v1/png_71/shopping-71.png,#4B96F3,https://maps.gstatic.com/mapfiles/place_api/icons/v2/shopping_pinlet,Staples,ChIJfc55wles0kwR-eaqHEk6wu0,"{'compound_code': '6CVP+67 Kingston, Ontario', 'global_code': '87P56CVP+67'}",4.2,ChIJfc55wles0kwR-eaqHEk6wu0,GOOGLE,"['electronics_store', 'furniture_store', 'home_goods_store', 'point_of_interest', 'store', 'establishment']",271,"616 Gardiners Rd, Kingston",{'open_now': False},"[{'height': 1080, 'html_attributions': ['<a href=""https://maps.google.com/maps/contrib/102907357503769127751"">A Google User</a>'], 'photo_reference': 'Aap_uEAiJJdduDCxvFc8bRDn48gp3tiL1fwhN4ttRkes7-eN_R_dr0h8FDR-73wQGbZws4QJ3_4QmwfRUZbNiSzbZON33FHcWCQMUdG0xBQsYiSONwP5l16bPwqCXs9z3A4ctE6Cue4sSpkl9JA1xP39kfOZaybj19pwARTk2HRkMlKgf6Y2', 'width': 1920}]",2.0,https://www.google.com/maps/?q=place_id:ChIJfc55wles0kwR-eaqHEk6wu0
OPERATIONAL,"{'location': {'lat': 44.257184, 'lng': -76.54996899999999}, 'viewport': {'northeast': {'lat': 44.25870987989271, 'lng': -76.54852277010728}, 'southwest': {'lat': 44.25601022010727, 'lng': -76.55122242989272}}}",https://maps.gstatic.com/mapfiles/place_api/icons/v1/png_71/shopping-71.png,#4B96F3,https://maps.gstatic.com/mapfiles/place_api/icons/v2/shoppingcart_pinlet,FreshCo Princess & Andersen,ChIJWxQ7kgfBVkARg8zUH8CYfTQ,"{'compound_code': '7F42+V2 Kingston, Ontario', 'global_code': '87P57F42+V2'}",4.2,ChIJWxQ7kgfBVkARg8zUH8CYfTQ,GOOGLE,"['grocery_or_supermarket', 'food', 'point_of_interest', 'store', 'establishment']",983,"2327 Princess St, Kingston",{'open_now': False},"[{'height': 3024, 'html_attributions': ['<a href=""https://maps.google.com/maps/contrib/100030321858477488456"">Larissa Kirby</a>'], 'photo_reference': 'Aap_uEBXHk4yCq6UrHwkmevhMh_3cmXtacqQNlOcwCA_bmLI-XaM3e4nyQpuAAnduvQQy5BkHumehonsPXlQKLz7uhFph_BO31IM0ECzJrVtzpMK069RI8YsEnTDrX76scFvzzaDcs4urWQ2diFXhRTA0xZ0EQGX2fMGji63BEJ9oiIyauui', 'width': 5376}]",,https://www.google.com/maps/?q=place_id:ChIJWxQ7kgfBVkARg8zUH8CYfTQ
OPERATIONAL,"{'location': {'lat': 44.2651288, 'lng': -76.57261129999999}, 'viewport': {'northeast': {'lat': 44.26614147989272, 'lng': -76.57132652010728}, 'southwest': {'lat': 44.26344182010728, 'lng': -76.57402617989271}}}",https://maps.gstatic.com/mapfiles/place_api/icons/v1/png_71/shopping-71.png,#4B96F3,https://maps.gstatic.com/mapfiles/place_api/icons/v2/shopping_pinlet,Walmart Supercentre,ChIJ97UIsc6t0kwRS92z8GkTruE,"{'compound_code': '7C8G+3X Kingston, Ontario', 'global_code': '87P57C8G+3X'}",3.8,ChIJ97UIsc6t0kwRS92z8GkTruE,GOOGLE,"['department_store', 'point_of_interest', 'store', 'establishment']",3476,"1130 Midland Ave, Kingston",{'open_now': False},"[{'height': 4032, 'html_attributions': ['<a href=""https://maps.google.com/maps/contrib/111581457132497906938"">Jon Hayes</a>'], 'photo_reference': 'Aap_uECJPnJg4Vk03fDh8rBFcVxh-yZr1qw1XqPvvn_51hvjDRuRHGRG9RgLs0mPfLfDyaVLS0SW6jNVbVGo4ggMQ6-9-J5yi5qBMM5uP0q3GXbef1DFIrmf-tfkzenqH1gKXpzac1U6NSWFpwGqskNY5mTEtCQ2JGppQdb3Ip82wLvullII', 'width': 3024}]",1.0,https://www.google.com/maps/?q=place_id:ChIJ97UIsc6t0kwRS92z8GkTruE
OPERATIONAL,"{'location': {'lat': 44.2381124, 'lng': -76.5777647}, 'viewport': {'northeast': {'lat': 44.23929042989272, 'lng': -76.57641862010728}, 'southwest': {'lat': 44.23659077010728, 'lng': -76.57911827989273}}}",https://maps.gstatic.com/mapfiles/place_api/icons/v1/png_71/shopping-71.png,#4B96F3,https://maps.gstatic.com/mapfiles/place_api/icons/v2/shopping_pinlet,Aerus Electrolux,ChIJQdOi0PCs0kwRbZhnE_wPJeE,"{'compound_code': '6CQC+6V Kingston, Ontario', 'global_code': '87P56CQC+6V'}",4.4,ChIJQdOi0PCs0kwRbZhnE_wPJeE,GOOGLE,"['laundry', 'point_of_interest', 'store', 'establishment']",12,"1792 Bath Rd, Kingston",{'open_now': False},"[{'height': 2592, 'html_attributions': ['<a href=""https://maps.google.com/maps/contrib/105011283616826475797"">A Google User</a>'], 'photo_reference': 'Aap_uECKOYXN-fRCg4K_9e0JJMzBa2DKbxXHAs39Tf0A_mm1d3mnoBeEYyy_nInpX5EjhEXwBqYBxSLaa3gsMwZdRHOaZG5MusDBZIx25FZAnwZxSovgpnEnVboCk5qsdAFkNN7CDjDh0QtdYBEJZCsn1c_RTleMPosvt4rmmkmtCn9BLg0e', 'width': 4608}]",3.0,https://www.google.com/maps/?q=place_id:ChIJQdOi0PCs0kwRbZhnE_wPJeE
OPERATIONAL,"{'location': {'lat': 44.2576448, 'lng': -76.5108435}, 'viewport': {'northeast': {'lat': 44.25925577989273, 'lng': -76.50950897010726}, 'southwest': {'lat': 44.25655612010728, 'lng': -76.51220862989271}}}",https://maps.gstatic.com/mapfiles/place_api/icons/v1/png_71/shopping-71.png,#4B96F3,https://maps.gstatic.com/mapfiles/place_api/icons/v2/shopping_pinlet,Daltco Electric & Supply,ChIJW3Jli-2r0kwRF0DO1wc-I6k,"{'compound_code': '7F5Q+3M Kingston, Ontario', 'global_code': '87P57F5Q+3M'}",4.8,ChIJW3Jli-2r0kwRF0DO1wc-I6k,GOOGLE,"['point_of_interest', 'store', 'establishment']",12,"26 Lappan's Ln, Kingston",{'open_now': False},"[{'height': 2988, 'html_attributions': ['<a href=""https://maps.google.com/maps/contrib/112369089590447982697"">Sean Atkinson</a>'], 'photo_reference': 'Aap_uECU9hjKTbb5gBOTZYP7JSX8HHsVOpQIgyvPiu3u5u5xQl4K3aaPDcNtfpTaYZlWdzOJx0uchQvBVTpuEKeEOP_O7m4cun6oF9CSC8ZxgALpWdoiTxgzU7Iv30BVFpdt7RsqUNUBhjW2dnrYbUeLKTHGVCZnVvWsdr_gYVINAJuqTZHv', 'width': 5312}]",,https://www.google.com/maps/?q=place_id:ChIJW3Jli-2r0kwRF0DO1wc-I6k
OPERATIONAL,"{'location': {'lat': 44.2510947, 'lng': -76.569913}, 'viewport': {'northeast': {'lat': 44.25223392989272, 'lng': -76.56863477010728}, 'southwest': {'lat': 44.24953427010728, 'lng': -76.57133442989273}}}",https://maps.gstatic.com/mapfiles/place_api/icons/v1/png_71/generic_business-71.png,#7B9EB0,https://maps.gstatic.com/mapfiles/place_api/icons/v2/generic_pinlet,"Edward Jones - Financial Advisor: Ryan T Schenk, CFP®",ChIJ86jsPlKs0kwRb3n5VWnFx68,"{'compound_code': '7C2J+C2 Kingston, Ontario', 'global_code': '87P57C2J+C2'}",5.0,ChIJ86jsPlKs0kwRb3n5VWnFx68,GOOGLE,"['finance', 'point_of_interest', 'establishment']",1,"768 Blackburn Mews, Kingston",{'open_now': False},"[{'height': 576, 'html_attributions': ['<a href=""https://maps.google.com/maps/contrib/114305463723544376423"">Edward Jones - Financial Advisor: Ryan T Schenk</a>'], 'photo_reference': 'Aap_uEDOlmzZQyQFCsv5S6vXYkEPPG7FsJgGWV3phEsYQpsj5-1ynedzWUYXTcctMvf6oBnRH7KfohGvaowHNXB_znKPiZqQw0Dr64cNH7_IBtr8OxyyumsfDlXl2K3JbyCWmV6qwzo53DJtlIsAvV3k_0dDZi-OgL10GEwrprm3R1sBPTc0', 'width': 1024}]",,https://www.google.com/maps/?q=place_id:ChIJ86jsPlKs0kwRb3n5VWnFx68
