business_status,geometry,icon,icon_background_color,icon_mask_base_uri,name,opening_hours,photos,place_id,plus_code,rating,reference,scope,types,user_ratings_total,vicinity,url
OPERATIONAL,"{'location': {'lat': 44.2372843, 'lng': -76.4909863}, 'viewport': {'northeast': {'lat': 44.23870092989272, 'lng': -76.48975667010728}, 'southwest': {'lat': 44.23600127010727, 'lng': -76.49245632989272}}}",https://maps.gstatic.com/mapfiles/place_api/icons/v1/png_71/park-71.png,#4DB546,https://maps.gstatic.com/mapfiles/place_api/icons/v2/tree_pinlet,Friendship Park,{'open_now': False},"[{'height': 4032, 'html_attributions': ['<a href=""https://maps.google.com/maps/contrib/112498610406779248568"">Ali Ryder</a>'], 'photo_reference': 'Aap_uEBILMYSZyCn0CNxq8gp5rZNaXsjz1Rem4XR7uk2DDajkBjGQRZv2Ysc7Lam33LuG-CwHWNDArRdgVJlVRg__0Nm4Ut8alNoIfn-9aydQO2OFQCJJANknelyFkj6L6DC7UI8NRu7lE1auVyy90GT-TXcWd5cZ2TIyPOtPmACi0NV92rR', 'width': 3024}]",ChIJuSKoQamr0kwRyL107nzKPcQ,"{'compound_code': '6GP5+WJ Kingston, Ontario', 'global_code': '87P56GP5+WJ'}",4.3,ChIJuSKoQamr0kwRyL107nzKPcQ,GOOGLE,"['park', 'point_of_interest', 'establishment']",32,"21 Carlisle St, Kingston",https://www.google.com/maps/?q=place_id:ChIJuSKoQamr0kwRyL107nzKPcQ
OPERATIONAL,"{'location': {'lat': 44.2333817, 'lng': -76.51251080000002}, 'viewport': {'northeast': {'lat': 44.23473152989272, 'lng': -76.51116097010728}, 'southwest': {'lat': 44.23203187010728, 'lng': -76.51386062989273}}}",https://maps.gstatic.com/mapfiles/place_api/icons/v1/png_71/park-71.png,#4DB546,https://maps.gstatic.com/mapfiles/place_api/icons/v2/tree_pinlet,Elder Park,{'open_now': False},"[{'height': 3456, 'html_attributions': ['<a href=""https://maps.google.com/maps/contrib/106885708622776108775"">Robert Thompson</a>'], 'photo_reference': 'Aap_uEANkAHVLlhB7b9xctV6FFKQ6SbCyNv6VTKq43Uo3lbpNyDda0u8sNOCq37R6fy2yeEsDa_0hvn3FtqQ2dwG_4QgiCxFDDNUgwfjDrrFl9UmSl_nVWWiaW8JHt9RxHU3CMr2P3lThhKZ_TgoaGDMtKqgJGTtKeIunyRILu2eq7Cdb04z', 'width': 3456}]",ChIJH8o--nSr0kwRhQ1_DMOgOE8,"{'compound_code': '6FMP+9X Kingston, Ontario', 'global_code': '87P56FMP+9X'}",3.9,ChIJH8o--nSr0kwRhQ1_DMOgOE8,GOOGLE,"['park', 'point_of_interest', 'establishment']",22,"325 Palace Rd, Kingston",https://www.google.com/maps/?q=place_id:ChIJH8o--nSr0kwRhQ1_DMOgOE8
OPERATIONAL,"{'location': {'lat': 44.23579730000001, 'lng': -76.4882982}, 'viewport': {'northeast': {'lat': 44.23726787989273, 'lng': -76.48720292010728}, 'southwest': {'lat': 44.23456822010728, 'lng': -76.48990257989271}}}",https://maps.gstatic.com/mapfiles/place_api/icons/v1/png_71/park-71.png,#4DB546,https://maps.gstatic.com/mapfiles/place_api/icons/v2/tree_pinlet,Skeleton Park,{'open_now': False},"[{'height': 1440, 'html_attributions': ['<a href=""https://maps.google.com/maps/contrib/107284686743573401672"">Hugo Costa</a>'], 'photo_reference': 'Aap_uEDZRHyRs4_8FFGf94hl-Q9oHtg7EmhYbHUdOebnJiADTfL2hrj51WpijZKUhKkmDGfucN6VCxnuOq2OywfdoBPXeucX0dcOLzwAB6Fx4SIw8apGC3IoTvUEFPKkuKPtcbHGV7WSaM61ymQzCPTS4sB4L0G1gKrctMBlKrG_D4jtnVkB', 'width': 2560}]",ChIJncB2s6ur0kwRr7ZxlsLuryQ,"{'compound_code': '6GP6+8M Kingston, Ontario', 'global_code': '87P56GP6+8M'}",4.4,ChIJncB2s6ur0kwRr7ZxlsLuryQ,GOOGLE,"['park', 'tourist_attraction', 'point_of_interest', 'establishment']",535,"30 Alma St, Kingston",https://www.google.com/maps/?q=place_id:ChIJncB2s6ur0kwRr7ZxlsLuryQ
OPERATIONAL,"{'location': {'lat': 44.24573119999999, 'lng': -76.5052118}, 'viewport': {'northeast': {'lat': 44.24710117989272, 'lng': -76.50330997010727}, 'southwest': {'lat': 44.24440152010727, 'lng': -76.50600962989272}}}",https://maps.gstatic.com/mapfiles/place_api/icons/v1/png_71/park-71.png,#4DB546,https://maps.gstatic.com/mapfiles/place_api/icons/v2/tree_pinlet,Third Avenue Park,{'open_now': False},"[{'height': 3024, 'html_attributions': ['<a href=""https://maps.google.com/maps/contrib/103781547854110769020"">Jason Lockerbie</a>'], 'photo_reference': 'Aap_uEBLMcqTueLjnQTX0sJzWTW8eFoK7CfMtwoMdHcTbFesMremOlwE0--6aYlMVt72xmuOUWtpUMVl2xuw0nGt0XpNu1F-rq1Tq0vXxdJbTkZ2DmwzBtYlit35O61R7xc2JHfAOo4LcyzuaDcroSTAu0x09fOYnGp1J2Y2Vc3YYLAnPrNv', 'width': 4032}]",ChIJge4w6per0kwRJuHEr1PXeiE,"{'compound_code': '6FWV+7W Kingston, Ontario', 'global_code': '87P56FWV+7W'}",4.1,ChIJge4w6per0kwRJuHEr1PXeiE,GOOGLE,"['park', 'point_of_interest', 'establishment']",47,"830 Victoria St, Kingston",https://www.google.com/maps/?q=place_id:ChIJge4w6per0kwRJuHEr1PXeiE
OPERATIONAL,"{'location': {'lat': 44.2295787, 'lng': -76.4799415}, 'viewport': {'northeast': {'lat': 44.23092852989272, 'lng': -76.47859167010728}, 'southwest': {'lat': 44.22822887010728, 'lng': -76.48129132989273}}}",https://maps.gstatic.com/mapfiles/place_api/icons/v1/png_71/park-71.png,#4DB546,https://maps.gstatic.com/mapfiles/place_api/icons/v2/tree_pinlet,Confederation Park,{'open_now': True},"[{'height': 3024, 'html_attributions': ['<a href=""https://maps.google.com/maps/contrib/101830282465265948438"">Edgar Montano</a>'], 'photo_reference': 'Aap_uECArDHYXiKICUnPO1azJ-J7O3suy7yWflkU8qq-sRTvwGuMohOXRicbKMyvsqts-UlRXUCCL0MlpNEA-3yLRXgTau7B47bPCNOP9vflZLgk34aQg0mIjbEy4V5n7oSkzEM8tRjTbHpSpM9OMsyXmM5NdENY06hn8-a4reTEL44SM0u_', 'width': 4032}]",ChIJ7xghGfmq0kwRs8nUSUraMrs,"{'compound_code': '6GHC+R2 Kingston, Ontario', 'global_code': '87P56GHC+R2'}",4.6,ChIJ7xghGfmq0kwRs8nUSUraMrs,GOOGLE,"['park', 'tourist_attraction', 'point_of_interest', 'establishment']",617,Kingston,https://www.google.com/maps/?q=place_id:ChIJ7xghGfmq0kwRs8nUSUraMrs
OPERATIONAL,"{'location': {'lat': 44.2331566, 'lng': -76.5076186}, 'viewport': {'northeast': {'lat': 44.23423657989272, 'lng': -76.50624407010727}, 'southwest': {'lat': 44.23153692010727, 'lng': -76.5089437298927}}}",https://maps.gstatic.com/mapfiles/place_api/icons/v1/png_71/park-71.png,#4DB546,https://maps.gstatic.com/mapfiles/place_api/icons/v2/tree_pinlet,Churchill Park,{'open_now': True},"[{'height': 2988, 'html_attributions': ['<a href=""https://maps.google.com/maps/contrib/105744256397687704124"">J Johnson</a>'], 'photo_reference': 'Aap_uEDhPAbmsdDwrUeVS2NE9RDLLYB25j9CmtHClK4TivAZyVKU8uMnjfxvK1GvnNsirROXnBRTHLVvjt576rRXZAPCILfElw6XbdtE377clmO752Fqf8AMBe2o0ALSawzz4lf434Kn-6eiUfOz-CnwZJD2U5_2jf-GEAZc68xkdY0vimI-', 'width': 5312}]",ChIJ663_HAur0kwRrMAHI-D64nU,"{'compound_code': '6FMR+7X Kingston, Ontario', 'global_code': '87P56FMR+7X'}",4.7,ChIJ663_HAur0kwRrMAHI-D64nU,GOOGLE,"['park', 'point_of_interest', 'establishment']",82,"685 Brock St, Kingston",https://www.google.com/maps/?q=place_id:ChIJ663_HAur0kwRrMAHI-D64nU
OPERATIONAL,"{'location': {'lat': 44.236306, 'lng': -76.48549690000002}, 'viewport': {'northeast': {'lat': 44.23772577989272, 'lng': -76.48397372010729}, 'southwest': {'lat': 44.23502612010728, 'lng': -76.48667337989272}}}",https://maps.gstatic.com/mapfiles/place_api/icons/v1/png_71/park-71.png,#4DB546,https://maps.gstatic.com/mapfiles/place_api/icons/v2/tree_pinlet,Hillside Park,,,ChIJG9AwPqur0kwRiGKPAfrL8bY,"{'compound_code': '6GP7+GR Kingston, Ontario', 'global_code': '87P56GP7+GR'}",3.8,ChIJG9AwPqur0kwRiGKPAfrL8bY,GOOGLE,"['park', 'point_of_interest', 'establishment']",5,"80 North St, Kingston",https://www.google.com/maps/?q=place_id:ChIJG9AwPqur0kwRiGKPAfrL8bY
OPERATIONAL,"{'location': {'lat': 44.2276142, 'lng': -76.5113118}, 'viewport': {'northeast': {'lat': 44.22910517989272, 'lng': -76.51009342010728}, 'southwest': {'lat': 44.22640552010728, 'lng': -76.51279307989272}}}",https://maps.gstatic.com/mapfiles/place_api/icons/v1/png_71/park-71.png,#4DB546,https://maps.gstatic.com/mapfiles/place_api/icons/v2/tree_pinlet,Oakridge Park,{'open_now': False},"[{'height': 2268, 'html_attributions': ['<a href=""https://maps.google.com/maps/contrib/110872556434267045709"">shubham malik</a>'], 'photo_reference': 'Aap_uEBkUGNOm3dqvbb5w4smQBdSzBBTgPz1U6PqU5HiN3mIv0S1IlRlM-lg-237ua5H7QbhkiMYa-FAOLJuykHHtm5bdoAmBqhTYIKTJwLLYfEABWlQzSK5ZKCLF38MqkANvnf0oiJrcpedR4DYB6vYDQhbEpWf8DV_gxdrNZdKYbfn2Hu3', 'width': 4032}]",ChIJeZwoQg2r0kwRPIxUHDHNkPM,"{'compound_code': '6FHQ+2F Kingston, Ontario', 'global_code': '87P56FHQ+2F'}",4.2,ChIJeZwoQg2r0kwRPIxUHDHNkPM,GOOGLE,"['park', 'point_of_interest', 'establishment']",9,"1-5 Gibson Ave, Kingston",https://www.google.com/maps/?q=place_id:ChIJeZwoQg2r0kwRPIxUHDHNkPM
OPERATIONAL,"{'location': {'lat': 44.2638786, 'lng': -76.4863869}, 'viewport': {'northeast': {'lat': 44.26521312989272, 'lng': -76.48523202010729}, 'southwest': {'lat': 44.26251347010728, 'lng': -76.48793167989274}}}",https://maps.gstatic.com/mapfiles/place_api/icons/v1/png_71/park-71.png,#4DB546,https://maps.gstatic.com/mapfiles/place_api/icons/v2/tree_pinlet,Shannon Park,{'open_now': True},"[{'height': 4032, 'html_attributions': ['<a href=""https://maps.google.com/maps/contrib/117509341659902068267"">Douglas Mitchell</a>'], 'photo_reference': 'Aap_uECAH1fwZ4DGngJyTci2icb3eOijPzjwmqDVq5bL89pAsXhBihHqiU_N1f8wpRGFX0xArw4UD83KADNyV98TEmRPaM1FYTt1tLt4f0hB9fmUWQDchpnDKS-Bk5dmkEA_AtuHJirl6GVrCQECV0PbNSoqnScTGw7d1bAHtVAdCqeQnhc2', 'width': 3024}]",ChIJdfbt-Nmr0kwRbzV53o4fyO4,"{'compound_code': '7G77+HC Kingston, Ontario', 'global_code': '87P57G77+HC'}",4.3,ChIJdfbt-Nmr0kwRbzV53o4fyO4,GOOGLE,"['park', 'point_of_interest', 'establishment']",67,"199 Wilson St, Kingston",https://www.google.com/maps/?q=place_id:ChIJdfbt-Nmr0kwRbzV53o4fyO4
OPERATIONAL,"{'location': {'lat': 44.2462694, 'lng': -76.50028859999999}, 'viewport': {'northeast': {'lat': 44.24763967989272, 'lng': -76.49840972010726}, 'southwest': {'lat': 44.24494002010728, 'lng': -76.50110937989271}}}",https://maps.gstatic.com/mapfiles/place_api/icons/v1/png_71/park-71.png,#4DB546,https://maps.gstatic.com/mapfiles/place_api/icons/v2/tree_pinlet,Ronald Lavallee Memorial Kiwanis Park,,,ChIJXeUq-byr0kwRqD75kjPmsJo,"{'compound_code': '6FWX+GV Kingston, Ontario', 'global_code': '87P56FWX+GV'}",3.8,ChIJXeUq-byr0kwRqD75kjPmsJo,GOOGLE,"['park', 'point_of_interest', 'establishment']",32,"20 Lorne St, Kingston",https://www.google.com/maps/?q=place_id:ChIJXeUq-byr0kwRqD75kjPmsJo
OPERATIONAL,"{'location': {'lat': 44.2354764, 'lng': -76.5293861}, 'viewport': {'northeast': {'lat': 44.23678527989271, 'lng': -76.52823972010728}, 'southwest': {'lat': 44.23408562010727, 'lng': -76.53093937989273}}}",https://maps.gstatic.com/mapfiles/place_api/icons/v1/png_71/park-71.png,#4DB546,https://maps.gstatic.com/mapfiles/place_api/icons/v2/tree_pinlet,Polson Park,{'open_now': False},"[{'height': 4624, 'html_attributions': ['<a href=""https://maps.google.com/maps/contrib/102733888387032723158"">sandhya kota</a>'], 'photo_reference': 'Aap_uECx_KllEyL3Vk_RH-SeJnCbgnAKuGf4HjG2cO_-q2TVHcNXBpWZcY1hk1rR84EpD9Pq8GObd6U-h7zTetp98hslZHYKtRmRiRikUYvYYQxb4EKEXdI50khzBi_3tzIMVZerg6Ad57AooD2Uu0yVnCby6YY0FNv8z0dtgbcKgWVoK8zH', 'width': 3468}]",ChIJewv13X6r0kwRU3E8_xC5cUc,"{'compound_code': '6FPC+56 Kingston, Ontario', 'global_code': '87P56FPC+56'}",4.3,ChIJewv13X6r0kwRU3E8_xC5cUc,GOOGLE,"['park', 'point_of_interest', 'establishment']",36,Kingston,https://www.google.com/maps/?q=place_id:ChIJewv13X6r0kwRU3E8_xC5cUc
OPERATIONAL,"{'location': {'lat': 44.2249392, 'lng': -76.4889925}, 'viewport': {'northeast': {'lat': 44.22629047989272, 'lng': -76.48822722010728}, 'southwest': {'lat': 44.22359082010727, 'lng': -76.49092687989271}}}",https://maps.gstatic.com/mapfiles/place_api/icons/v1/png_71/park-71.png,#4DB546,https://maps.gstatic.com/mapfiles/place_api/icons/v2/tree_pinlet,City Park,,,ChIJTyoUQfmr0kwR0TIdRYAWUQU,"{'compound_code': '6GF6+XC Kingston, Ontario', 'global_code': '87P56GF6+XC'}",0.0,ChIJTyoUQfmr0kwR0TIdRYAWUQU,GOOGLE,"['park', 'point_of_interest', 'establishment']",0,"79 Barrie St, Kingston",https://www.google.com/maps/?q=place_id:ChIJTyoUQfmr0kwR0TIdRYAWUQU
OPERATIONAL,"{'location': {'lat': 44.2316513, 'lng': -76.5347024}, 'viewport': {'northeast': {'lat': 44.23296257989272, 'lng': -76.53364912010728}, 'southwest': {'lat': 44.23026292010728, 'lng': -76.53634877989273}}}",https://maps.gstatic.com/mapfiles/place_api/icons/v1/png_71/park-71.png,#4DB546,https://maps.gstatic.com/mapfiles/place_api/icons/v2/tree_pinlet,Fairway Hill Park,{'open_now': False},"[{'height': 3036, 'html_attributions': ['<a href=""https://maps.google.com/maps/contrib/112894264038806374894"">Elizabeth Griffiths-See</a>'], 'photo_reference': 'Aap_uEBZk0teIIxXFpo_-nam3AhLYi-GmzYNPzp6wn_UxySTZsYmP_BFwbBYXO9BFJ8AVO4YYto39cEFi_0sd4Y1sgC-6RKet1contT4Vet8LezmrvRglEza--9srRYNqyHli_Gz2jZgSA5FOEpgjLR6LZe5gxAw1cKhjTF1rjBr_yxL8wig', 'width': 4048}]",ChIJlRdyeX2r0kwRPrpGGx9mMPs,"{'compound_code': '6FJ8+M4 Kingston, Ontario', 'global_code': '87P56FJ8+M4'}",4.6,ChIJlRdyeX2r0kwRPrpGGx9mMPs,GOOGLE,"['park', 'point_of_interest', 'establishment']",9,"170 Fairway Hill Crescent, Kingston",https://www.google.com/maps/?q=place_id:ChIJlRdyeX2r0kwRPrpGGx9mMPs
OPERATIONAL,"{'location': {'lat': 44.25155, 'lng': -76.5266355}, 'viewport': {'northeast': {'lat': 44.25293412989272, 'lng': -76.52575392010726}, 'southwest': {'lat': 44.25023447010728, 'lng': -76.52845357989271}}}",https://maps.gstatic.com/mapfiles/place_api/icons/v1/png_71/park-71.png,#4DB546,https://maps.gstatic.com/mapfiles/place_api/icons/v2/tree_pinlet,Strathcona Park,{'open_now': True},"[{'height': 2268, 'html_attributions': ['<a href=""https://maps.google.com/maps/contrib/110872556434267045709"">shubham malik</a>'], 'photo_reference': 'Aap_uEAMt4VkttgNo2dp3fo9C1zXoZq7shkrm5edKoXXUYJUwgKQ9wGEszj8bg4aM3dPeu6MUPDlJkrJ-fqVNx2SLDVw2SR-kT5Z9giMHsiKPiOrFw7Ulijssh0CXXe3LGT-5wc12UtxZ8ad1VYGwvxBipRMJ1u92XAuzINJrrFh_DThjSCG', 'width': 4032}]",ChIJReEhD3as0kwRwLLGlkjSE3Y,"{'compound_code': '7F2F+J8 Kingston, Ontario', 'global_code': '87P57F2F+J8'}",4.5,ChIJReEhD3as0kwRwLLGlkjSE3Y,GOOGLE,"['park', 'point_of_interest', 'establishment']",24,"85 Indian Rd, Kingston",https://www.google.com/maps/?q=place_id:ChIJReEhD3as0kwRwLLGlkjSE3Y
OPERATIONAL,"{'location': {'lat': 44.2635721, 'lng': -76.45327329999999}, 'viewport': {'northeast': {'lat': 44.26486157989272, 'lng': -76.45191192010726}, 'southwest': {'lat': 44.26216192010728, 'lng': -76.45461157989271}}}",https://maps.gstatic.com/mapfiles/place_api/icons/v1/png_71/park-71.png,#4DB546,https://maps.gstatic.com/mapfiles/place_api/icons/v2/tree_pinlet,McCallum Park,,,ChIJ3REJ0Caq0kwRpSTIoXZmwTM,"{'compound_code': '7G7W+CM Kingston, Ontario', 'global_code': '87P57G7W+CM'}",4.5,ChIJ3REJ0Caq0kwRpSTIoXZmwTM,GOOGLE,"['park', 'point_of_interest', 'establishment']",20,"410 McCallum St, Kingston",https://www.google.com/maps/?q=place_id:ChIJ3REJ0Caq0kwRpSTIoXZmwTM
OPERATIONAL,"{'location': {'lat': 44.2400131, 'lng': -76.4826707}, 'viewport': {'northeast': {'lat': 44.24159637989272, 'lng': -76.48137117010728}, 'southwest': {'lat': 44.23889672010728, 'lng': -76.48407082989272}}}",https://maps.gstatic.com/mapfiles/place_api/icons/v1/png_71/park-71.png,#4DB546,https://maps.gstatic.com/mapfiles/place_api/icons/v2/tree_pinlet,Rideau st Parkette,{'open_now': True},"[{'height': 4608, 'html_attributions': ['<a href=""https://maps.google.com/maps/contrib/103236106401745704183"">A Google User</a>'], 'photo_reference': 'Aap_uEBaYa0vTH7Fm4tUkPW_l_o5cyMPIe1liHb1ctcScsPeMnR2FfGxb5dCs3EBzRWlcNmEww8709CSQMkp75t83bBkjb6YWytO1b-aiSeSDPmacUBbCgxbvmemBSkCwQOf939QmYysaYDWxdDaDNfvnOZvVRVaWhHPa2prf9GKBTMguVL4', 'width': 2592}]",ChIJHVaYLq2r0kwRqaJXwCYxn5c,"{'compound_code': '6GR8+2W Kingston, Ontario', 'global_code': '87P56GR8+2W'}",4.1,ChIJHVaYLq2r0kwRqaJXwCYxn5c,GOOGLE,"['park', 'point_of_interest', 'establishment']",16,"Rideau St, Kingston",https://www.google.com/maps/?q=place_id:ChIJHVaYLq2r0kwRqaJXwCYxn5c
OPERATIONAL,"{'location': {'lat': 44.2235364, 'lng': -76.48866579999999}, 'viewport': {'northeast': {'lat': 44.22492532989271, 'lng': -76.48735522010728}, 'southwest': {'lat': 44.22222567010727, 'lng': -76.49005487989271}}}",https://maps.gstatic.com/mapfiles/place_api/icons/v1/png_71/park-71.png,#4DB546,https://maps.gstatic.com/mapfiles/place_api/icons/v2/tree_pinlet,Park,,,ChIJj4XraJCr0kwRUjnagj4weWQ,"{'compound_code': '6GF6+CG Kingston, Ontario', 'global_code': '87P56GF6+CG'}",0.0,ChIJj4XraJCr0kwRUjnagj4weWQ,GOOGLE,"['park', 'point_of_interest', 'establishment']",0,"49 King St E, Kingston",https://www.google.com/maps/?q=place_id:ChIJj4XraJCr0kwRUjnagj4weWQ
OPERATIONAL,"{'location': {'lat': 44.2564808, 'lng': -76.49974209999999}, 'viewport': {'northeast': {'lat': 44.25771782989273, 'lng': -76.49838182010728}, 'southwest': {'lat': 44.25501817010728, 'lng': -76.50108147989272}}}",https://maps.gstatic.com/mapfiles/place_api/icons/v1/png_71/park-71.png,#4DB546,https://maps.gstatic.com/mapfiles/place_api/icons/v2/tree_pinlet,Ken Matthews Park,,"[{'height': 2448, 'html_attributions': ['<a href=""https://maps.google.com/maps/contrib/100438920488111505318"">nik rego</a>'], 'photo_reference': 'Aap_uEBe2wb-IbURHzwcNtSvDk3hkn854x-q8f_GIoNodsbL_TJuEhZ9KqdjwiOrP_rUvBWxD2bPoTpaNtK9tXq20ebCxnHLBXnjGlwNI1uGIjelWDynmdMU6u7VZuPsluHMEHYSXr1kk2P7td5D7U13Qk_EBVqMn2N9UdKQzvln6zrVlgQZ', 'width': 3264}]",ChIJk1S7aOqr0kwRnhjmsEpfkS8,"{'compound_code': '7G42+H4 Kingston, Ontario', 'global_code': '87P57G42+H4'}",4.0,ChIJk1S7aOqr0kwRnhjmsEpfkS8,GOOGLE,"['park', 'point_of_interest', 'establishment']",4,"423 Elliott Ave, Kingston",https://www.google.com/maps/?q=place_id:ChIJk1S7aOqr0kwRnhjmsEpfkS8
OPERATIONAL,"{'location': {'lat': 44.24832869999999, 'lng': -76.4953433}, 'viewport': {'northeast': {'lat': 44.24952317989272, 'lng': -76.49397077010727}, 'southwest': {'lat': 44.24682352010728, 'lng': -76.49667042989272}}}",https://maps.gstatic.com/mapfiles/place_api/icons/v1/png_71/park-71.png,#4DB546,https://maps.gstatic.com/mapfiles/place_api/icons/v2/tree_pinlet,Tugwood Park,,"[{'height': 3000, 'html_attributions': ['<a href=""https://maps.google.com/maps/contrib/114306651693299623332"">Asser ElGindy</a>'], 'photo_reference': 'Aap_uEBMIeCrphFenBbDrzHXKm4J5UZx1dHzfD3AeY6fW24RY6akdoJuw9YSZmRgHjlWGidGrmSZmJ1Yw-pZ0hrxlM3EScJVEkTIQjLJPb70-Eey0v5M41vBD8gXkOYGClyrWdmEqJtTROgJDytDSVBvN7tjE6TJKprYuMaV7sBVqNOQWjMr', 'width': 4000}]",ChIJU5bkXrmr0kwRuECGCUBc6-Q,"{'compound_code': '6GX3+8V Kingston, Ontario', 'global_code': '87P56GX3+8V'}",4.2,ChIJU5bkXrmr0kwRuECGCUBc6-Q,GOOGLE,"['park', 'point_of_interest', 'establishment']",5,"179 Railway St, Kingston",https://www.google.com/maps/?q=place_id:ChIJU5bkXrmr0kwRuECGCUBc6-Q
OPERATIONAL,"{'location': {'lat': 44.2366362, 'lng': -76.5305511}, 'viewport': {'northeast': {'lat': 44.23738657989272, 'lng': -76.52901912010728}, 'southwest': {'lat': 44.23468692010728, 'lng': -76.53171877989271}}}",https://maps.gstatic.com/mapfiles/place_api/icons/v1/png_71/park-71.png,#4DB546,https://maps.gstatic.com/mapfiles/place_api/icons/v2/tree_pinlet,McCullough Park,{'open_now': True},"[{'height': 2160, 'html_attributions': ['<a href=""https://maps.google.com/maps/contrib/103259162725848046682"">Alex Fletcher</a>'], 'photo_reference': 'Aap_uEBbx6JKDxZTxT5ouTiHPgo_1DH1tQlo5EmyF5G-UGJUeY_A5wuGrJe-BcknfAi7W5FaSG1OTrrS1YQZX1Ufc5AhJfXsnAtOGWIqyzprMMyJ6TvhRY9snaa5tSO4WtyQYwZ0c_t6EZsyG7KjtGtiLFcpZIT-bh0PLSNXFcb1xjMvKXO4', 'width': 3840}]",ChIJ99e2p3-r0kwRY1bcFjfK2sY,"{'compound_code': '6FP9+MQ Kingston, Ontario', 'global_code': '87P56FP9+MQ'}",4.3,ChIJ99e2p3-r0kwRY1bcFjfK2sY,GOOGLE,"['park', 'point_of_interest', 'establishment']",98,"480 Portsmouth Ave, Kingston",https://www.google.com/maps/?q=place_id:ChIJ99e2p3-r0kwRY1bcFjfK2sY
OPERATIONAL,"{'location': {'lat': 44.2375126, 'lng': -76.4832322}, 'viewport': {'northeast': {'lat': 44.23888547989272, 'lng': -76.48165132010728}, 'southwest': {'lat': 44.23618582010728, 'lng': -76.48435097989271}}}",https://maps.gstatic.com/mapfiles/place_api/icons/v1/png_71/park-71.png,#4DB546,https://maps.gstatic.com/mapfiles/place_api/icons/v2/tree_pinlet,Riverview Park,{'open_now': False},"[{'height': 1536, 'html_attributions': ['<a href=""https://maps.google.com/maps/contrib/102922328668441024687"">A Google User</a>'], 'photo_reference': 'Aap_uEA3V_sjJIjamsTbsTJFaSgd6fquNVZYbVbtvNPW1p625Lnp2Rnf_dWiFAy2djjJ59RwbHEhEdoBw1gDHqPQoyVW7EBWlpCw_ARCwrMEvlsqRltLW2aKhL62rKZW9-ffTMiW4DkoEjKt07ZmU2iy4MMmgbbAG12pjVlK4PpsmEdGzr_R', 'width': 2560}]",ChIJufWsVVOq0kwRNsfZIBeHN_A,"{'compound_code': '6GQ8+2P Kingston, Ontario', 'global_code': '87P56GQ8+2P'}",4.6,ChIJufWsVVOq0kwRNsfZIBeHN_A,GOOGLE,"['park', 'point_of_interest', 'establishment']",26,"156 Rideau St #142, Kingston",https://www.google.com/maps/?q=place_id:ChIJufWsVVOq0kwRNsfZIBeHN_A
OPERATIONAL,"{'location': {'lat': 44.2229947, 'lng': -76.5184493}, 'viewport': {'northeast': {'lat': 44.22423827989272, 'lng': -76.51709017010728}, 'southwest': {'lat': 44.22153862010728, 'lng': -76.51978982989272}}}",https://maps.gstatic.com/mapfiles/place_api/icons/v1/png_71/park-71.png,#4DB546,https://maps.gstatic.com/mapfiles/place_api/icons/v2/tree_pinlet,Garrigan Park,{'open_now': True},"[{'height': 3096, 'html_attributions': ['<a href=""https://maps.google.com/maps/contrib/106517235759951954941"">A Google User</a>'], 'photo_reference': 'Aap_uEDf7Pq0lMHmCz96G9PpCcQMUmxPGF2L8yUXpeyss0plrFsMjIwUCOmrQD6cDoX1grdJLwlU0x8Op8DmJ-3uF4n0AuHq1G5d516A_puSXLQSTuPeysmxWQ12RPF69nNsqZyK8ZplcAeHmVSc-urie6ZyujHzoZh4x9O2OFp05FyY4ig', 'width': 4128}]",ChIJMfS9eGyr0kwRl2zlkazmXRI,"{'compound_code': '6FFJ+5J Kingston, Ontario', 'global_code': '87P56FFJ+5J'}",4.2,ChIJMfS9eGyr0kwRl2zlkazmXRI,GOOGLE,"['park', 'point_of_interest', 'establishment']",41,"52 Church St #46, Kingston",https://www.google.com/maps/?q=place_id:ChIJMfS9eGyr0kwRl2zlkazmXRI
OPERATIONAL,"{'location': {'lat': 44.2426025, 'lng': -76.48062360000002}, 'viewport': {'northeast': {'lat': 44.24382742989273, 'lng': -76.47923897010729}, 'southwest': {'lat': 44.24112777010728, 'lng': -76.48193862989272}}}",https://maps.gstatic.com/mapfiles/place_api/icons/v1/png_71/park-71.png,#4DB546,https://maps.gstatic.com/mapfiles/place_api/icons/v2/tree_pinlet,Emma Martin Park,{'open_now': False},"[{'height': 3024, 'html_attributions': ['<a href=""https://maps.google.com/maps/contrib/118251653355097199687"">A Google User</a>'], 'photo_reference': 'Aap_uEDp766-9jqE1xvyx_mILJi7PqNyUrlsaf9JWsebuZCDeqzOx2KHOtqCrujYvCw_jT1ywhYPSHZ5G6wCldugrQ6SGDPTn2FfwLNeib-z4qFAaiOZQef3H8WgWe0Tp29El-9tFMLlv-6uLB4ecO3z0p1X7ED9XZcfdscCfYGrwOh_Eyhu', 'width': 4032}]",ChIJWecdUE2q0kwRbRD9DaZfW5A,"{'compound_code': '6GV9+2Q Kingston, Ontario', 'global_code': '87P56GV9+2Q'}",4.4,ChIJWecdUE2q0kwRbRD9DaZfW5A,GOOGLE,"['park', 'tourist_attraction', 'point_of_interest', 'establishment']",54,"1 Cataraqui St, Kingston",https://www.google.com/maps/?q=place_id:ChIJWecdUE2q0kwRbRD9DaZfW5A
OPERATIONAL,"{'location': {'lat': 44.2256957, 'lng': -76.52231239999999}, 'viewport': {'northeast': {'lat': 44.22675407989271, 'lng': -76.52093507010729}, 'southwest': {'lat': 44.22405442010727, 'lng': -76.52363472989272}}}",https://maps.gstatic.com/mapfiles/place_api/icons/v1/png_71/park-71.png,#4DB546,https://maps.gstatic.com/mapfiles/place_api/icons/v2/tree_pinlet,Woodlands Park,{'open_now': False},"[{'height': 4608, 'html_attributions': ['<a href=""https://maps.google.com/maps/contrib/111069611757816411571"">Dallas Mcafee</a>'], 'photo_reference': 'Aap_uECzZIFXktfMggzXh6tWNgrF8LNIjfuNpQQh2mrHIG3rqkYXb3CiuV_s5U7jntOSusKVVpPATbXp-Cm53abmHnjNm8ZZWP2LzAeqcwZ6lcj9XYweadYOyXEu8RdV8Aiu-OQ91qfQnij4PBxN6y46ajN8bOgrndrLF0o5l4QTBTcr7-9g', 'width': 2592}]",ChIJ2wy2SW6r0kwRvngbE63Of3k,"{'compound_code': '6FGH+73 Kingston, Ontario', 'global_code': '87P56FGH+73'}",4.4,ChIJ2wy2SW6r0kwRvngbE63Of3k,GOOGLE,"['park', 'point_of_interest', 'establishment']",5,"292 Mowat Ave, Kingston",https://www.google.com/maps/?q=place_id:ChIJ2wy2SW6r0kwRvngbE63Of3k
OPERATIONAL,"{'location': {'lat': 44.25503639999999, 'lng': -76.4569377}, 'viewport': {'northeast': {'lat': 44.25665092989271, 'lng': -76.45563607010729}, 'southwest': {'lat': 44.25395127010727, 'lng': -76.45833572989272}}}",https://maps.gstatic.com/mapfiles/place_api/icons/v1/png_71/park-71.png,#4DB546,https://maps.gstatic.com/mapfiles/place_api/icons/v2/tree_pinlet,Grenadier Park,{'open_now': False},"[{'height': 4032, 'html_attributions': ['<a href=""https://maps.google.com/maps/contrib/101649485928153298198"">A Google User</a>'], 'photo_reference': 'Aap_uEADBqYxxeNoB5vpnjlaH9lRm53vBjaTrMar7rbjBBH3IH6dnTqYoSqZ3nLkXXCQWNEhj20v3kukKaJmUGpbUhLn7OERJqyJ3Fq3R73Sup_K9ob3XpGEAGleQoCkKeA35TpSLDns3mwJSyqWeWBZbKc1SoXoXzoMiLNjUjPB41sJ2HXD', 'width': 1960}]",ChIJiVpygTuq0kwRa6ETKXu5Tkw,"{'compound_code': '7G4V+26 Kingston, Ontario', 'global_code': '87P57G4V+26'}",4.2,ChIJiVpygTuq0kwRa6ETKXu5Tkw,GOOGLE,"['park', 'tourist_attraction', 'point_of_interest', 'establishment']",30,"41 Grenadier Dr, Kingston",https://www.google.com/maps/?q=place_id:ChIJiVpygTuq0kwRa6ETKXu5Tkw
OPERATIONAL,"{'location': {'lat': 44.2604959, 'lng': -76.4840828}, 'viewport': {'northeast': {'lat': 44.26208912989272, 'lng': -76.48276427010727}, 'southwest': {'lat': 44.25938947010728, 'lng': -76.48546392989272}}}",https://maps.gstatic.com/mapfiles/place_api/icons/v1/png_71/park-71.png,#4DB546,https://maps.gstatic.com/mapfiles/place_api/icons/v2/tree_pinlet,Starr Reid Park,{'open_now': False},"[{'height': 2268, 'html_attributions': ['<a href=""https://maps.google.com/maps/contrib/109482384547796955046"">Scott Davio</a>'], 'photo_reference': 'Aap_uEB7TR8BedtBwfq8Ev9xV7WXSWupLqR8cZIDR5VKOepUVRmspk3eWtdumTv9dvc0pf7-FVjutxw0tqTUsVKl_ETrcirndEBHXQGBRIG1iSNQvG0WeLEK0RgYXa78MWMDU-BPvjg3cJsCIQdVZsJ5Ou_wMvaQe6JNmCca4I0YuSt1Yn14', 'width': 4032}]",ChIJQW2C-8-r0kwRiONb6eMupKs,"{'compound_code': '7G68+59 Kingston, Ontario', 'global_code': '87P57G68+59'}",4.0,ChIJQW2C-8-r0kwRiONb6eMupKs,GOOGLE,"['park', 'point_of_interest', 'establishment']",20,"64 Drennan St, Kingston",https://www.google.com/maps/?q=place_id:ChIJQW2C-8-r0kwRiONb6eMupKs
OPERATIONAL,"{'location': {'lat': 44.2348126, 'lng': -76.5108616}, 'viewport': {'northeast': {'lat': 44.23617862989272, 'lng': -76.50920882010728}, 'southwest': {'lat': 44.23347897010728, 'lng': -76.51190847989271}}}",https://maps.gstatic.com/mapfiles/place_api/icons/v1/png_71/park-71.png,#4DB546,https://maps.gstatic.com/mapfiles/place_api/icons/v2/tree_pinlet,Compton Park,{'open_now': True},"[{'height': 2448, 'html_attributions': ['<a href=""https://maps.google.com/maps/contrib/112322835255502409858"">Marcel Scouten</a>'], 'photo_reference': 'Aap_uEBXG0YUcTvCuz8D3272SKVUT-VLjMKz_we0NIltXz0zR3C4illL9JL7sIBewobDSaA_OxHQRE8tVZWUiH74LDD5BXjztJUmbHENj2_gF09RlqH8DoNSNT0wrmRpC0E1RPF-T1xzs48Rd3FikCnXQ4kjTfeke8mAh82BaUR15ZxyfJGr', 'width': 3264}]",ChIJdWaLFXWr0kwR2m-BfeiQ1TM,"{'compound_code': '6FMQ+WM Kingston, Ontario', 'global_code': '87P56FMQ+WM'}",4.1,ChIJdWaLFXWr0kwR2m-BfeiQ1TM,GOOGLE,"['park', 'point_of_interest', 'establishment']",63,"346 College St, Kingston",https://www.google.com/maps/?q=place_id:ChIJdWaLFXWr0kwR2m-BfeiQ1TM
OPERATIONAL,"{'location': {'lat': 44.250694, 'lng': -76.5033074}, 'viewport': {'northeast': {'lat': 44.25163257989271, 'lng': -76.50193002010728}, 'southwest': {'lat': 44.24893292010727, 'lng': -76.50462967989273}}}",https://maps.gstatic.com/mapfiles/place_api/icons/v1/png_71/park-71.png,#4DB546,https://maps.gstatic.com/mapfiles/place_api/icons/v2/tree_pinlet,Max Jackson Memorial Park,{'open_now': False},"[{'height': 3472, 'html_attributions': ['<a href=""https://maps.google.com/maps/contrib/108617888223903827179"">108617888223903827179</a>'], 'photo_reference': 'Aap_uECRT8Z5kPujPeCurDQnFUl8xnL5MTVoOtombWFwS7mvn3jDFXTQ29lgaQgQTrq6NlKQ14lTUJLkheM6hSp8I1p10o3kMsaUD_LcstDkRhaKabNUBxWNMa2h323B6847q4zAcje7YpkyOJHy617muaDbK14HqJ6djPd4-S35GPYhzaRb', 'width': 4640}]",ChIJj1iuvZWr0kwRb9qiP0bfgjE,"{'compound_code': '7F2W+7M Kingston, Ontario', 'global_code': '87P57F2W+7M'}",3.8,ChIJj1iuvZWr0kwRb9qiP0bfgjE,GOOGLE,"['park', 'point_of_interest', 'establishment']",19,"23 Oak St, Kingston",https://www.google.com/maps/?q=place_id:ChIJj1iuvZWr0kwRb9qiP0bfgjE
OPERATIONAL,"{'location': {'lat': 44.2372845, 'lng': -76.4796259}, 'viewport': {'northeast': {'lat': 44.23850067989272, 'lng': -76.47843602010728}, 'southwest': {'lat': 44.23580102010728, 'lng': -76.48113567989272}}}",https://maps.gstatic.com/mapfiles/place_api/icons/v1/png_71/park-71.png,#4DB546,https://maps.gstatic.com/mapfiles/place_api/icons/v2/tree_pinlet,Doug Fluhrer Park,{'open_now': False},"[{'height': 2592, 'html_attributions': ['<a href=""https://maps.google.com/maps/contrib/103319360118897499738"">103319360118897499738</a>'], 'photo_reference': 'Aap_uECRUqdXhWPzscuLjRQYwtw6tvjVkFH7Kgu4XhqP2EiAbErmu9afTJokjCqFtuCqO5lnn1tTdBubIZ7bWM1dfQ-SoQzYrFMQ0dFAXsjmUHmYG4_GuJNr-1zMaOHP4PL7al5asY73J_YpHd4GwSBmYQEFPuWOhLoj5rUYper5UOrtVA6l', 'width': 4608}]",ChIJLYIvnlOq0kwRxvt1m11-4Oc,"{'compound_code': '6GPC+W4 Kingston, Ontario', 'global_code': '87P56GPC+W4'}",4.3,ChIJLYIvnlOq0kwRxvt1m11-4Oc,GOOGLE,"['park', 'tourist_attraction', 'point_of_interest', 'establishment']",225,"Wellington St, Kingston",https://www.google.com/maps/?q=place_id:ChIJLYIvnlOq0kwRxvt1m11-4Oc
OPERATIONAL,"{'location': {'lat': 44.25391070000001, 'lng': -76.4985095}, 'viewport': {'northeast': {'lat': 44.25526982989272, 'lng': -76.49699627010727}, 'southwest': {'lat': 44.25257017010728, 'lng': -76.49969592989272}}}",https://maps.gstatic.com/mapfiles/place_api/icons/v1/png_71/park-71.png,#4DB546,https://maps.gstatic.com/mapfiles/place_api/icons/v2/tree_pinlet,James Nelson Park,{'open_now': False},,ChIJz_UubcCr0kwRUKlmWasUNY0,"{'compound_code': '7G32+HH Kingston, Ontario', 'global_code': '87P57G32+HH'}",3.9,ChIJz_UubcCr0kwRUKlmWasUNY0,GOOGLE,"['park', 'point_of_interest', 'establishment']",10,"14 Theresa Crescent, Kingston",https://www.google.com/maps/?q=place_id:ChIJz_UubcCr0kwRUKlmWasUNY0
OPERATIONAL,"{'location': {'lat': 44.2480584, 'lng': -76.50517789999999}, 'viewport': {'northeast': {'lat': 44.24942847989272, 'lng': -76.50328917010728}, 'southwest': {'lat': 44.24672882010727, 'lng': -76.50598882989271}}}",https://maps.gstatic.com/mapfiles/place_api/icons/v1/png_71/park-71.png,#4DB546,https://maps.gstatic.com/mapfiles/place_api/icons/v2/tree_pinlet,Oak Street Park,{'open_now': False},"[{'height': 3024, 'html_attributions': ['<a href=""https://maps.google.com/maps/contrib/118375031783221689069"">the.main.street.market</a>'], 'photo_reference': 'Aap_uEDNlPLy8rlaXNWX70OQ7Q-ERmsLMxJxwpj3HJ4Qkz2ZyVnKynioaLKlCVFt3DjA1yKDHdB8OuLuHBg-26IYTVubKeCRUB7k_0tGGHnozWokwdUGqCX4RWFE63goapD9gHxhw6SVlGNWtzvVNVzfXGeF5-rnNMvjmlo45Ha8ru9KhBp8', 'width': 4032}]",ChIJydPSQpar0kwRaLg43b_ubIA,"{'compound_code': '6FXV+6W Kingston, Ontario', 'global_code': '87P56FXV+6W'}",4.4,ChIJydPSQpar0kwRaLg43b_ubIA,GOOGLE,"['park', 'point_of_interest', 'establishment']",20,"898 Victoria St, Kingston",https://www.google.com/maps/?q=place_id:ChIJydPSQpar0kwRaLg43b_ubIA
OPERATIONAL,"{'location': {'lat': 44.2256814, 'lng': -76.48150869999999}, 'viewport': {'northeast': {'lat': 44.22716812989272, 'lng': -76.48024442010728}, 'southwest': {'lat': 44.22446847010728, 'lng': -76.48294407989272}}}",https://maps.gstatic.com/mapfiles/place_api/icons/v1/png_71/park-71.png,#4DB546,https://maps.gstatic.com/mapfiles/place_api/icons/v2/tree_pinlet,Battery Park,{'open_now': True},"[{'height': 2988, 'html_attributions': ['<a href=""https://maps.google.com/maps/contrib/106244917898073825612"">Paul Ramsay</a>'], 'photo_reference': 'Aap_uEDPAr0Jj64JTwRZtgQT7fMuUDlwd_J52jKyR-yqcq3W5GF5vFHsSdgkriT72g7EUE6zRa53IvDYm4bNzOZNN11enT0DwprvINGJvva8v3QJvOl8JvJnP_41SrUhQB7Y6qCnGO0hwoFiz5Eut_ye1zLjPqnO2NUqzFRlnU3rvsPTbEIW', 'width': 5312}]",ChIJ1_J8n_uq0kwRpcQWk8070EY,"{'compound_code': '6GG9+79 Kingston, Ontario', 'global_code': '87P56GG9+79'}",4.3,ChIJ1_J8n_uq0kwRpcQWk8070EY,GOOGLE,"['park', 'point_of_interest', 'establishment']",35,"Waterfront Pathway, Kingston",https://www.google.com/maps/?q=place_id:ChIJ1_J8n_uq0kwRpcQWk8070EY
OPERATIONAL,"{'location': {'lat': 44.2512668, 'lng': -76.4839743}, 'viewport': {'northeast': {'lat': 44.25267687989273, 'lng': -76.48266332010728}, 'southwest': {'lat': 44.24997722010728, 'lng': -76.48536297989273}}}",https://maps.gstatic.com/mapfiles/place_api/icons/v1/png_71/park-71.png,#4DB546,https://maps.gstatic.com/mapfiles/place_api/icons/v2/tree_pinlet,Belle Park,{'open_now': False},"[{'height': 3024, 'html_attributions': ['<a href=""https://maps.google.com/maps/contrib/113939033656051537321"">Lisa Cicchetti</a>'], 'photo_reference': 'Aap_uEB4gHJohpMWfdH169WWF6rExtAyfgjvIDJ2dLWWDdGJ8JwgIPahQ1WY12EirSx7zAKr14N-sWm1E9ySYy4gSZnvOD_OR0zfeDYUVMpYcZupV8EobZNNC1P3SD48EqRPfjpyEwi4Sx1pWCNqtsmRnp9RptkIcKnlLxzACfeHYX5uMWPb', 'width': 4032}]",ChIJlbhEHLar0kwRUtlcz5ijnhg,"{'compound_code': '7G28+GC Kingston, Ontario', 'global_code': '87P57G28+GC'}",3.8,ChIJlbhEHLar0kwRUtlcz5ijnhg,GOOGLE,"['park', 'point_of_interest', 'establishment']",39,"731 Montreal St, Kingston",https://www.google.com/maps/?q=place_id:ChIJlbhEHLar0kwRUtlcz5ijnhg
OPERATIONAL,"{'location': {'lat': 44.2405258, 'lng': -76.4995303}, 'viewport': {'northeast': {'lat': 44.24191922989273, 'lng': -76.4972995}, 'southwest': {'lat': 44.23921957010728, 'lng': -76.50027390000001}}}",https://maps.gstatic.com/mapfiles/place_api/icons/v1/png_71/park-71.png,#4DB546,https://maps.gstatic.com/mapfiles/place_api/icons/v2/tree_pinlet,Memorial Centre Off-leash Dog Park,{'open_now': False},"[{'height': 3024, 'html_attributions': ['<a href=""https://maps.google.com/maps/contrib/105498514391080969679"">Alexandre Parent</a>'], 'photo_reference': 'Aap_uEDkA4s-I88YfE0lwHyhwOR3I76nx1rUFxX6vI8vGeVP4V5pnHR7e2sf0n-h_d22nOQQMXHwKCfgQudmKqopyf_tVPsjYQckiuuLf1Bw6DGtxsUw8VfcLimg_qd1NuldIQBFdmxn7WvrQzh1vmmV1PU_G27gMKPtig2rLqGwigk8AtYm', 'width': 4032}]",ChIJe6DibKSr0kwRlaf7ZQXBVlg,"{'compound_code': '6GR2+65 Kingston, Ontario', 'global_code': '87P56GR2+65'}",4.2,ChIJe6DibKSr0kwRlaf7ZQXBVlg,GOOGLE,"['park', 'tourist_attraction', 'point_of_interest', 'establishment']",283,"Alfred St, Kingston",https://www.google.com/maps/?q=place_id:ChIJe6DibKSr0kwRlaf7ZQXBVlg
OPERATIONAL,"{'location': {'lat': 44.2181277, 'lng': -76.53177389999999}, 'viewport': {'northeast': {'lat': 44.21947752989272, 'lng': -76.53042407010727}, 'southwest': {'lat': 44.21677787010728, 'lng': -76.53312372989271}}}",https://maps.gstatic.com/mapfiles/place_api/icons/v1/png_71/park-71.png,#4DB546,https://maps.gstatic.com/mapfiles/place_api/icons/v2/tree_pinlet,Lake Ontario Park,{'open_now': True},"[{'height': 3456, 'html_attributions': ['<a href=""https://maps.google.com/maps/contrib/114711019794868640672"">Pixelfact Media Inc.</a>'], 'photo_reference': 'Aap_uEBFXXD8O_gNuc2GJB5fEYbaPOhHyfZqipMJAFuoSwdL4-YNCrmMFItRKxMYU3BGJrzQmdyqx445GknDlCDp0_aAxKOJRhp4u8h2vdHmLoNCxJo7Ic6YRzd6ZEsZG9-3Z2XecrhOUvwQtHeFSwc6eKIvCmljI5ek5q-RLkRyRLG0JDtp', 'width': 5184}]",ChIJG8yN_Fyr0kwR0J5Nhh0g5Tw,"{'compound_code': '6F99+77 Kingston, Ontario', 'global_code': '87P56F99+77'}",4.6,ChIJG8yN_Fyr0kwR0J5Nhh0g5Tw,GOOGLE,"['park', 'tourist_attraction', 'point_of_interest', 'establishment']",1990,"920 King St W, Kingston",https://www.google.com/maps/?q=place_id:ChIJG8yN_Fyr0kwR0J5Nhh0g5Tw
OPERATIONAL,"{'location': {'lat': 44.2537521, 'lng': -76.53178489999999}, 'viewport': {'northeast': {'lat': 44.25490087989272, 'lng': -76.53032027010727}, 'southwest': {'lat': 44.25220122010727, 'lng': -76.53301992989272}}}",https://maps.gstatic.com/mapfiles/place_api/icons/v1/png_71/park-71.png,#4DB546,https://maps.gstatic.com/mapfiles/place_api/icons/v2/tree_pinlet,Springer Park,{'open_now': True},,ChIJ0UQfhnOs0kwRYnXLwN7y6cs,"{'compound_code': '7F39+G7 Kingston, Ontario', 'global_code': '87P57F39+G7'}",4.2,ChIJ0UQfhnOs0kwRYnXLwN7y6cs,GOOGLE,"['park', 'point_of_interest', 'establishment']",9,"992 Portsmouth Ave, Kingston",https://www.google.com/maps/?q=place_id:ChIJ0UQfhnOs0kwRYnXLwN7y6cs
OPERATIONAL,"{'location': {'lat': 44.25855, 'lng': -76.4889206}, 'viewport': {'northeast': {'lat': 44.25971927989272, 'lng': -76.48759437010729}, 'southwest': {'lat': 44.25701962010728, 'lng': -76.49029402989272}}}",https://maps.gstatic.com/mapfiles/place_api/icons/v1/png_71/park-71.png,#4DB546,https://maps.gstatic.com/mapfiles/place_api/icons/v2/tree_pinlet,Neil McArthur park,{'open_now': True},"[{'height': 3036, 'html_attributions': ['<a href=""https://maps.google.com/maps/contrib/109386582078766056701"">Theadine Bobb</a>'], 'photo_reference': 'Aap_uEC8LTtVtGH7LUtdVUuRQDq2BxCY63TxN9bo6d497w9FTaJXQyz1pYHWCmraX-cuauGL90Z24Uf-ViQnsbUPGjMEVns0SXABzliWZ0TMYDBhF8a9ic4uMK5MoMYv1wojUutSU2GAhMEHeDu0axVzyAgLri7YR3b8TxdoQMwTcOcl7CeN', 'width': 4048}]",ChIJc-9BUsSr0kwRq3ytMXpSews,"{'compound_code': '7G56+CC Kingston, Ontario', 'global_code': '87P57G56+CC'}",4.1,ChIJc-9BUsSr0kwRq3ytMXpSews,GOOGLE,"['park', 'tourist_attraction', 'point_of_interest', 'establishment']",31,"159 Briceland St, Kingston",https://www.google.com/maps/?q=place_id:ChIJc-9BUsSr0kwRq3ytMXpSews
OPERATIONAL,"{'location': {'lat': 44.2464181, 'lng': -76.53456820000001}, 'viewport': {'northeast': {'lat': 44.24782182989271, 'lng': -76.53340877010729}, 'southwest': {'lat': 44.24512217010727, 'lng': -76.53610842989274}}}",https://maps.gstatic.com/mapfiles/place_api/icons/v1/png_71/park-71.png,#4DB546,https://maps.gstatic.com/mapfiles/place_api/icons/v2/tree_pinlet,Grosvenor Park,{'open_now': True},"[{'height': 4000, 'html_attributions': ['<a href=""https://maps.google.com/maps/contrib/114030187964785866604"">Stephanie Holt</a>'], 'photo_reference': 'Aap_uED0rcy1-gvedGchHuD7pEAtgl6Ip_LvXHJt2--8wbWKsxaa-5Dp5iM53aDyS1W-kLblkxx5bFTmDmDWNf6ekLo-hGxsEobMoRRMW5oompTHaD8i86dh4civrFGkGV8v2qFkE0Sx0cxakvUMsHLApJb0gyB59nemdbtiqVa1XPQ2_cdQ', 'width': 3000}]",ChIJ9Y-iKHqs0kwRF7w7Jz8oyl4,"{'compound_code': '6FW8+H5 Kingston, Ontario', 'global_code': '87P56FW8+H5'}",4.8,ChIJ9Y-iKHqs0kwRF7w7Jz8oyl4,GOOGLE,"['park', 'point_of_interest', 'establishment']",5,"40 Grosvenor Ct, Kingston",https://www.google.com/maps/?q=place_id:ChIJ9Y-iKHqs0kwRF7w7Jz8oyl4
OPERATIONAL,"{'location': {'lat': 44.2279318, 'lng': -76.5826311}, 'viewport': {'northeast': {'lat': 44.22923567989273, 'lng': -76.58113272010728}, 'southwest': {'lat': 44.22653602010728, 'lng': -76.58383237989273}}}",https://maps.gstatic.com/mapfiles/place_api/icons/v1/png_71/park-71.png,#4DB546,https://maps.gstatic.com/mapfiles/place_api/icons/v2/tree_pinlet,Jim Beattie Park,{'open_now': True},"[{'height': 2322, 'html_attributions': ['<a href=""https://maps.google.com/maps/contrib/109053549752489585390"">Gerry Minard</a>'], 'photo_reference': 'Aap_uED1lprAMA_iYQ9i2avKddfkBs8m-N8NNltsAmRvfB2pEiO2Uv_xjOLHorj_DTRvNrP7q_FCk7as_Z1OEEzC5Xmy0BF_z5I1QwGyUt-dICANcj2npIaNt998xb-8wEnf4yFO4BMqpsOYMyoW0WoS1vW8Nn7f2bxufjSCRiygBIgKmEP_', 'width': 4128}]",ChIJEZl9qeGs0kwRLDVvbMHtRYQ,"{'compound_code': '6CH8+5W Kingston, Ontario', 'global_code': '87P56CH8+5W'}",4.3,ChIJEZl9qeGs0kwRLDVvbMHtRYQ,GOOGLE,"['park', 'point_of_interest', 'establishment']",65,"930 Henderson Blvd #900, Kingston",https://www.google.com/maps/?q=place_id:ChIJEZl9qeGs0kwRLDVvbMHtRYQ
OPERATIONAL,"{'location': {'lat': 44.2219278, 'lng': -76.4898151}, 'viewport': {'northeast': {'lat': 44.22353857989273, 'lng': -76.48857257010728}, 'southwest': {'lat': 44.22083892010728, 'lng': -76.49127222989273}}}",https://maps.gstatic.com/mapfiles/place_api/icons/v1/png_71/park-71.png,#4DB546,https://maps.gstatic.com/mapfiles/place_api/icons/v2/tree_pinlet,Recreation and park shelter (Newlands Pavilion),{'open_now': True},"[{'height': 3024, 'html_attributions': ['<a href=""https://maps.google.com/maps/contrib/108504768841046842197"">A Google User</a>'], 'photo_reference': 'Aap_uEDPvmsPh0QYzsVdE6eSEQVpLREf_askta6M26r9D9K8ClPZp1jPDkY6fezk3QZ2tKgR3qWcixzjf9cosxg_HL9N8thdIEGuWCQfE8qklcACns7RTvecfcYDA9f_30JuK60vhF394nOg4JyZKUfo_sQQsaMeYLLSKqLNWBXlTlTaNzTM', 'width': 4032}]",ChIJJ8aLieKq0kwRZLXNya7pH24,"{'compound_code': '6GC6+Q3 Kingston, Ontario', 'global_code': '87P56GC6+Q3'}",4.9,ChIJJ8aLieKq0kwRZLXNya7pH24,GOOGLE,"['park', 'point_of_interest', 'establishment']",12,Kingston,https://www.google.com/maps/?q=place_id:ChIJJ8aLieKq0kwRZLXNya7pH24
OPERATIONAL,"{'location': {'lat': 44.2212647, 'lng': -76.5165525}, 'viewport': {'northeast': {'lat': 44.22243217989272, 'lng': -76.51519057010728}, 'southwest': {'lat': 44.21973252010728, 'lng': -76.51789022989271}}}",https://maps.gstatic.com/mapfiles/place_api/icons/v1/png_71/park-71.png,#4DB546,https://maps.gstatic.com/mapfiles/place_api/icons/v2/tree_pinlet,Aberdeen Park (Portsmouth),,"[{'height': 2610, 'html_attributions': ['<a href=""https://maps.google.com/maps/contrib/110217946825380116811"">Kedar Warriner</a>'], 'photo_reference': 'Aap_uEAb3pkI8leDspbx9AO18fJjeIDyqLcZPWFg47iD6ikEbxiOB8p8JCSrkShf0mv817oXKc3zEGLvv6gwhIM-oUoiEkT5IYbAIDRv3rRSzSbkKkf9SoRKairbn1Ew0_zC21syn6XZnVnMw0k-s5Q9NHGftLLM9tLn162PM58yyclFQYge', 'width': 4640}]",ChIJozz4OWur0kwRvwxMBAZPj_U,"{'compound_code': '6FCM+G9 Kingston, Ontario', 'global_code': '87P56FCM+G9'}",3.9,ChIJozz4OWur0kwRvwxMBAZPj_U,GOOGLE,"['park', 'point_of_interest', 'establishment']",7,"621 King St W, Kingston",https://www.google.com/maps/?q=place_id:ChIJozz4OWur0kwRvwxMBAZPj_U
OPERATIONAL,"{'location': {'lat': 44.233335, 'lng': -76.51755690000002}, 'viewport': {'northeast': {'lat': 44.23489292989272, 'lng': -76.5163270201073}, 'southwest': {'lat': 44.23219327010728, 'lng': -76.51902667989273}}}",https://maps.gstatic.com/mapfiles/place_api/icons/v1/png_71/park-71.png,#4DB546,https://maps.gstatic.com/mapfiles/place_api/icons/v2/tree_pinlet,Rodden Park,{'open_now': True},"[{'height': 3120, 'html_attributions': ['<a href=""https://maps.google.com/maps/contrib/111751867564228678804"">Ramses Morales</a>'], 'photo_reference': 'Aap_uECa4D_a44Ks6wfDAEAIqxjl8BM8Qv_SXTJdQqz19RaRnxAKgK6LMzRQQd5RLuky0LciDUxVGOF3vBTvp28PKYVpC03J-HrUtgHsPP1PHKGQCf3pAVypr6xPCCQZ5rRerU4CgkHgns2vKYbEUX68MWI9OaAnQ-HOn7naUbc4eLqO7Xox', 'width': 4160}]",ChIJMe1XlXar0kwRqAc_xBouqdI,"{'compound_code': '6FMJ+8X Kingston, Ontario', 'global_code': '87P56FMJ+8X'}",4.3,ChIJMe1XlXar0kwRqAc_xBouqdI,GOOGLE,"['park', 'point_of_interest', 'establishment']",21,"111 Norman Rogers Dr, Kingston",https://www.google.com/maps/?q=place_id:ChIJMe1XlXar0kwRqAc_xBouqdI
OPERATIONAL,"{'location': {'lat': 44.2283805, 'lng': -76.5285767}, 'viewport': {'northeast': {'lat': 44.23006992989273, 'lng': -76.52727077010728}, 'southwest': {'lat': 44.22737027010728, 'lng': -76.52997042989271}}}",https://maps.gstatic.com/mapfiles/place_api/icons/v1/png_71/park-71.png,#4DB546,https://maps.gstatic.com/mapfiles/place_api/icons/v2/tree_pinlet,Newcourt Park,,"[{'height': 3456, 'html_attributions': ['<a href=""https://maps.google.com/maps/contrib/106449883583613697863"">Dean Magee</a>'], 'photo_reference': 'Aap_uEDvVGqXOnR2kmMeDLvIiMAGBpGOpKNKYRPD1rqombYdEQ_7ts5lVLuW4ZJiIshjVtvF-hSWKZAD00uiGihj0v-aopyIvpOUPiJSz5gul8wPjDOQAI0N-soL2eivyLI4b4iIDeH0RkvjRofh6_x14brxJeTAI3uQxwjw40cxTBA7vTDi', 'width': 4608}]",ChIJFbqqz2Sr0kwREiLBXagTrc4,"{'compound_code': '6FHC+9H Kingston, Ontario', 'global_code': '87P56FHC+9H'}",0.0,ChIJFbqqz2Sr0kwREiLBXagTrc4,GOOGLE,"['park', 'point_of_interest', 'establishment']",0,"50 Newcourt Pl, Kingston",https://www.google.com/maps/?q=place_id:ChIJFbqqz2Sr0kwREiLBXagTrc4
OPERATIONAL,"{'location': {'lat': 44.2731045, 'lng': -76.4819189}, 'viewport': {'northeast': {'lat': 44.27420952989272, 'lng': -76.48018412010728}, 'southwest': {'lat': 44.27150987010728, 'lng': -76.48288377989272}}}",https://maps.gstatic.com/mapfiles/place_api/icons/v1/png_71/park-71.png,#4DB546,https://maps.gstatic.com/mapfiles/place_api/icons/v2/tree_pinlet,Snider Park,{'open_now': True},"[{'height': 2250, 'html_attributions': ['<a href=""https://maps.google.com/maps/contrib/118328597398048611711"">john topper</a>'], 'photo_reference': 'Aap_uEBKerI-yRK2c2uK7QFSKUlQzPJ0UqHf4sUaeO3M_vcikekBvaG4C_c4rhVcrb6xfW10K4G1Xn7TueYsWBVr9gi_GTAMb94593nGu2FygLzBp_qXbvOrjr6vvRwyIJELcXZt-h1jnginBJDo5TzOo61FtBu9TJPf6AyWVfleMLhS0-tY', 'width': 4000}]",ChIJQ5lyQk6p0kwRsCtzKmgxJbM,"{'compound_code': '7GF9+66 Kingston, Ontario', 'global_code': '87P57GF9+66'}",3.9,ChIJQ5lyQk6p0kwRsCtzKmgxJbM,GOOGLE,"['park', 'point_of_interest', 'establishment']",8,Kingston,https://www.google.com/maps/?q=place_id:ChIJQ5lyQk6p0kwRsCtzKmgxJbM
OPERATIONAL,"{'location': {'lat': 44.2271624, 'lng': -76.5288003}, 'viewport': {'northeast': {'lat': 44.22866292989272, 'lng': -76.52746367010728}, 'southwest': {'lat': 44.22596327010728, 'lng': -76.53016332989272}}}",https://maps.gstatic.com/mapfiles/place_api/icons/v1/png_71/park-71.png,#4DB546,https://maps.gstatic.com/mapfiles/place_api/icons/v2/tree_pinlet,Nickle Avenue Community Park,{'open_now': True},,ChIJm58h5WSr0kwRY5CiuxvFPhk,"{'compound_code': '6FGC+VF Kingston, Ontario', 'global_code': '87P56FGC+VF'}",4.0,ChIJm58h5WSr0kwRY5CiuxvFPhk,GOOGLE,"['park', 'point_of_interest', 'establishment']",1,"76 Nickle Ave, Kingston",https://www.google.com/maps/?q=place_id:ChIJm58h5WSr0kwRY5CiuxvFPhk
OPERATIONAL,"{'location': {'lat': 44.24028200000001, 'lng': -76.5533753}, 'viewport': {'northeast': {'lat': 44.24193767989272, 'lng': -76.55136372010728}, 'southwest': {'lat': 44.23923802010728, 'lng': -76.55406337989272}}}",https://maps.gstatic.com/mapfiles/place_api/icons/v1/png_71/park-71.png,#4DB546,https://maps.gstatic.com/mapfiles/place_api/icons/v2/tree_pinlet,Centennial Park,,,ChIJC5l2jfGt0kwRJ3wTtLEoNNc,"{'compound_code': '6CRW+4J Kingston, Ontario', 'global_code': '87P56CRW+4J'}",0.0,ChIJC5l2jfGt0kwRJ3wTtLEoNNc,GOOGLE,"['park', 'point_of_interest', 'establishment']",0,"583 Teal Ct, Kingston",https://www.google.com/maps/?q=place_id:ChIJC5l2jfGt0kwRJ3wTtLEoNNc
OPERATIONAL,"{'location': {'lat': 44.2490994, 'lng': -76.5330754}, 'viewport': {'northeast': {'lat': 44.25049757989272, 'lng': -76.53189912010728}, 'southwest': {'lat': 44.24779792010727, 'lng': -76.53459877989273}}}",https://maps.gstatic.com/mapfiles/place_api/icons/v1/png_71/park-71.png,#4DB546,https://maps.gstatic.com/mapfiles/place_api/icons/v2/tree_pinlet,Smithfield Crescent Park,{'open_now': True},,ChIJ3fM-tXCs0kwR0AuLkPuuWI0,"{'compound_code': '6FX8+JQ Kingston, Ontario', 'global_code': '87P56FX8+JQ'}",4.2,ChIJ3fM-tXCs0kwR0AuLkPuuWI0,GOOGLE,"['park', 'point_of_interest', 'establishment']",6,"77 Smithfield Crescent, Kingston",https://www.google.com/maps/?q=place_id:ChIJ3fM-tXCs0kwR0AuLkPuuWI0
OPERATIONAL,"{'location': {'lat': 44.25574940000001, 'lng': -76.4675804}, 'viewport': {'northeast': {'lat': 44.25709922989272, 'lng': -76.46623057010729}, 'southwest': {'lat': 44.25439957010728, 'lng': -76.46893022989272}}}",https://maps.gstatic.com/mapfiles/place_api/icons/v1/png_71/park-71.png,#4DB546,https://maps.gstatic.com/mapfiles/place_api/icons/v2/tree_pinlet,Lilla Burke Park,{'open_now': False},"[{'height': 4032, 'html_attributions': ['<a href=""https://maps.google.com/maps/contrib/115551978090828361522"">Tonya Brown</a>'], 'photo_reference': 'Aap_uEDlZ5J0vQiwvjKGq4MVdt_ib2cVg0kBfRLQ6vG0Vb8cMUfPsLKJBMn6YWWn5NWCtm6M5_u-BHjF9pneeJx44sv3jax4AbIN1KN9wf4eE-0lD3ey7S5N3gJoWPz_iHdrHKk5koarQIMuDx7ERXmIs4O4UOdQP-H0scRk0EOu3jxU9oo', 'width': 3024}]",ChIJ-Yz-bjGq0kwRYQGSrjH12f4,"{'compound_code': '7G4J+7X Kingston, Ontario', 'global_code': '87P57G4J+7X'}",4.9,ChIJ-Yz-bjGq0kwRYQGSrjH12f4,GOOGLE,"['park', 'point_of_interest', 'establishment']",8,"Unnamed Road, Kingston",https://www.google.com/maps/?q=place_id:ChIJ-Yz-bjGq0kwRYQGSrjH12f4
OPERATIONAL,"{'location': {'lat': 44.242688, 'lng': -76.5352631}, 'viewport': {'northeast': {'lat': 44.24393567989272, 'lng': -76.53377387010728}, 'southwest': {'lat': 44.24123602010728, 'lng': -76.53647352989272}}}",https://maps.gstatic.com/mapfiles/place_api/icons/v1/png_71/park-71.png,#4DB546,https://maps.gstatic.com/mapfiles/place_api/icons/v2/tree_pinlet,Grenville Park,{'open_now': False},"[{'height': 3024, 'html_attributions': ['<a href=""https://maps.google.com/maps/contrib/108504768841046842197"">A Google User</a>'], 'photo_reference': 'Aap_uEBNkxzBuRKcrtttc6aRuwdjXUSMw__6Sx5y3uhRaKMj5OKGb1OmJ7lIQF1Oh8b7KpQI-xEznCs6GRhglaW-_aWIPmlMzUufFdd_7rwfJtqNmPH2nKKTrSFEvOcSdktKX947nVXeWXu8epfPgqwdlOfFTExSLQgAaF90oCvDH7j-I-7e', 'width': 4032}]",ChIJXyqmMn-s0kwRiEFtF3nLa0U,"{'compound_code': '6FV7+3V Kingston, Ontario', 'global_code': '87P56FV7+3V'}",4.6,ChIJXyqmMn-s0kwRiEFtF3nLa0U,GOOGLE,"['park', 'point_of_interest', 'establishment']",22,"11 Grenville Crescent, Kingston",https://www.google.com/maps/?q=place_id:ChIJXyqmMn-s0kwRiEFtF3nLa0U
OPERATIONAL,"{'location': {'lat': 44.2405589, 'lng': -76.55615259999999}, 'viewport': {'northeast': {'lat': 44.24218962989271, 'lng': -76.55482482010729}, 'southwest': {'lat': 44.23948997010727, 'lng': -76.55752447989273}}}",https://maps.gstatic.com/mapfiles/place_api/icons/v1/png_71/park-71.png,#4DB546,https://maps.gstatic.com/mapfiles/place_api/icons/v2/tree_pinlet,Arbour Ridge Park,{'open_now': False},"[{'height': 4000, 'html_attributions': ['<a href=""https://maps.google.com/maps/contrib/113514419176680981307"">Sandra Esipu</a>'], 'photo_reference': 'Aap_uECWxKfPqFS8Rvw050Yb5avVUPB-rcDD4DonYrFQbS9F-b4sUN9bleXRcy-j_RTYH3WAEqUvgvj_w4hHjOzy02IVAJP93KmdhQfNTd5FkuSLtz-RKfhvOwIQ0jHxpUzZp3PGKfGTKQ_ZUJce-gDkP-VYzJ5aYnZSUieDsPpPYi0a5dHp', 'width': 3000}]",ChIJOwuySPWs0kwRIFvRdwFyvsc,"{'compound_code': '6CRV+6G Kingston, Ontario', 'global_code': '87P56CRV+6G'}",4.1,ChIJOwuySPWs0kwRIFvRdwFyvsc,GOOGLE,"['park', 'point_of_interest', 'establishment']",9,"453 Dolshire St, Kingston",https://www.google.com/maps/?q=place_id:ChIJOwuySPWs0kwRIFvRdwFyvsc
OPERATIONAL,"{'location': {'lat': 44.2360256, 'lng': -76.59670109999999}, 'viewport': {'northeast': {'lat': 44.23771892989271, 'lng': -76.59524532010728}, 'southwest': {'lat': 44.23501927010727, 'lng': -76.59794497989272}}}",https://maps.gstatic.com/mapfiles/place_api/icons/v1/png_71/park-71.png,#4DB546,https://maps.gstatic.com/mapfiles/place_api/icons/v2/tree_pinlet,West Park,,"[{'height': 1136, 'html_attributions': ['<a href=""https://maps.google.com/maps/contrib/104137554628464312804"">Sarah Hammond</a>'], 'photo_reference': 'Aap_uEA2DwJb9SDBDHby_xXu0-EzYJ8mDWy2biGCmFzo9RMD7NdgdblaurwNyMmFZx_v8vFPYRsIpSsq0MjBwa1yf3CO-6NwuWXLm1d3wlTIBqzDifP0EpwbijanDpcqRUbIL8b9YzNhHKCexsNpt8YceHqBoVAtw_ZyxH4VCjHiJv56yUSv', 'width': 640}]",ChIJM8rOOhCt0kwRbeu_tbbpxzc,"{'compound_code': '6CP3+C8 Kingston, Ontario', 'global_code': '87P56CP3+C8'}",3.9,ChIJM8rOOhCt0kwRbeu_tbbpxzc,GOOGLE,"['park', 'point_of_interest', 'establishment']",13,"1250 Acadia Dr, Kingston",https://www.google.com/maps/?q=place_id:ChIJM8rOOhCt0kwRbeu_tbbpxzc
OPERATIONAL,"{'location': {'lat': 44.24808100000001, 'lng': -76.591895}, 'viewport': {'northeast': {'lat': 44.24940507989272, 'lng': -76.58989527010726}, 'southwest': {'lat': 44.24670542010728, 'lng': -76.59259492989271}}}",https://maps.gstatic.com/mapfiles/place_api/icons/v1/png_71/park-71.png,#4DB546,https://maps.gstatic.com/mapfiles/place_api/icons/v2/tree_pinlet,"Bayridge Park, Kingston ON",{'open_now': False},"[{'height': 3024, 'html_attributions': ['<a href=""https://maps.google.com/maps/contrib/107954069666432731587"">Chris MacPhee</a>'], 'photo_reference': 'Aap_uEB6ooBDfwBwGlFXSg0Xx0v06nkdoXI4uPVRFUYEyhvid-VNNhQQ_YNVpslSY3HayUIBGTf0S5wCwV2PvNzjQf5714HA3C-c1NE8KgpFfcn56N5tJmKAnWX0KS9kkcQ8jng4SjphusmLzWanV8Cg7flu6_9czLscH3vn0rGJiFvAvhrg', 'width': 4032}]",ChIJiV8X_qat0kwRAy_e6VaaJLo,"{'compound_code': '6CX5+66 Kingston, Ontario', 'global_code': '87P56CX5+66'}",4.0,ChIJiV8X_qat0kwRAy_e6VaaJLo,GOOGLE,"['park', 'point_of_interest', 'establishment']",62,"741-771 Bayridge Dr, Kingston",https://www.google.com/maps/?q=place_id:ChIJiV8X_qat0kwRAy_e6VaaJLo
OPERATIONAL,"{'location': {'lat': 44.2558511, 'lng': -76.5267252}, 'viewport': {'northeast': {'lat': 44.25714472989272, 'lng': -76.52525332010728}, 'southwest': {'lat': 44.25444507010727, 'lng': -76.52795297989273}}}",https://maps.gstatic.com/mapfiles/place_api/icons/v1/png_71/park-71.png,#4DB546,https://maps.gstatic.com/mapfiles/place_api/icons/v2/tree_pinlet,Indian Road Parkette,{'open_now': True},"[{'height': 3264, 'html_attributions': ['<a href=""https://maps.google.com/maps/contrib/106602301441474182464"">Julie Hopkins</a>'], 'photo_reference': 'Aap_uEDnB-wIaqTtPvIOJHXp1DjdaNwRMKvXK9qQO1y6EPYDCvZRF8AEI-UozWOHjEdryBVEhrHF4kJwti0NbYvQboQ3mlp95tdjIbbjaGj29pEzlWZ_6H2VvJcVDpVv-pQW5RWj1LcTkPcSS_7Z3dLxfs_NbUZJ0JaJTCaY_nBvoboAN5Fn', 'width': 1836}]",ChIJs9uG2HSs0kwRlDVkZH18ZHI,"{'compound_code': '7F4F+88 Kingston, Ontario', 'global_code': '87P57F4F+88'}",2.8,ChIJs9uG2HSs0kwRlDVkZH18ZHI,GOOGLE,"['park', 'point_of_interest', 'establishment']",5,"208 Indian Rd, Kingston",https://www.google.com/maps/?q=place_id:ChIJs9uG2HSs0kwRlDVkZH18ZHI
OPERATIONAL,"{'location': {'lat': 44.2520247, 'lng': -76.55037159999999}, 'viewport': {'northeast': {'lat': 44.25300307989272, 'lng': -76.54912667010727}, 'southwest': {'lat': 44.25030342010728, 'lng': -76.55182632989272}}}",https://maps.gstatic.com/mapfiles/place_api/icons/v1/png_71/park-71.png,#4DB546,https://maps.gstatic.com/mapfiles/place_api/icons/v2/tree_pinlet,Trillium Ridge Park,,"[{'height': 4608, 'html_attributions': ['<a href=""https://maps.google.com/maps/contrib/117531295976736575262"">Jessica Rybka</a>'], 'photo_reference': 'Aap_uECL_B2xbQYoX_wrI9aBa4o8bQ8sXE66pxY_kq7lqX-cr272XUQMi2NSRNPWaUI1HAxXvzdebZYkpdMjiNkEoyntB-aIcnhjyKqPJr4pwKQaiMoQvwoJNcP8P4UV5avJ2aEjh3JD_71LNmxVnQIj_w3mZ4pTNGJ1VNwKDxjYzd9z1cn6', 'width': 3456}]",ChIJn15whEKs0kwR7LCNc-L2wd4,"{'compound_code': '7C2X+RV Kingston, Ontario', 'global_code': '87P57C2X+RV'}",4.2,ChIJn15whEKs0kwR7LCNc-L2wd4,GOOGLE,"['park', 'point_of_interest', 'establishment']",6,"847 Tollgate Terrace, Kingston",https://www.google.com/maps/?q=place_id:ChIJn15whEKs0kwR7LCNc-L2wd4
OPERATIONAL,"{'location': {'lat': 44.238148, 'lng': -76.426467}, 'viewport': {'northeast': {'lat': 44.23967687989271, 'lng': -76.42529212010727}, 'southwest': {'lat': 44.23697722010727, 'lng': -76.42799177989272}}}",https://maps.gstatic.com/mapfiles/place_api/icons/v1/png_71/park-71.png,#4DB546,https://maps.gstatic.com/mapfiles/place_api/icons/v2/tree_pinlet,Ravensview Park,{'open_now': True},"[{'height': 1936, 'html_attributions': ['<a href=""https://maps.google.com/maps/contrib/100502713341962775260"">Marcel Scouten</a>'], 'photo_reference': 'Aap_uEA1TshM-bI_m6wEWYT6xrBH6_uVcQWcfVyGHpvOoihhqKn4mYdF2srhk_qqbj-vOCR58Psrv5Rn28A7Ee0WHP_S7dWOmryoIUghiAYoExjvj20oHHf9FpkPAGO8MmLB6tF9bopP4gyHpw-R5sFtAhTS2NcplgAplpTIvKLLxCKcfc5S', 'width': 2592}]",ChIJGdapwo5VzUwRyWAwjFThnQQ,"{'compound_code': '6HQF+7C Kingston, Ontario', 'global_code': '87P56HQF+7C'}",4.3,ChIJGdapwo5VzUwRyWAwjFThnQQ,GOOGLE,"['park', 'point_of_interest', 'establishment']",4,"807 Lasalle Blvd, Kingston",https://www.google.com/maps/?q=place_id:ChIJGdapwo5VzUwRyWAwjFThnQQ
OPERATIONAL,"{'location': {'lat': 44.2457293, 'lng': -76.4092144}, 'viewport': {'northeast': {'lat': 44.24733017989272, 'lng': -76.40811567010728}, 'southwest': {'lat': 44.24463052010728, 'lng': -76.41081532989273}}}",https://maps.gstatic.com/mapfiles/place_api/icons/v1/png_71/park-71.png,#4DB546,https://maps.gstatic.com/mapfiles/place_api/icons/v2/tree_pinlet,Riverside Park,,"[{'height': 3024, 'html_attributions': ['<a href=""https://maps.google.com/maps/contrib/109046226939594086970"">Marc-Andr Jean</a>'], 'photo_reference': 'Aap_uEDUburG6PqurxOVLpEfMeF0KicEUMW7ushssuwpAxtLv6V3itg9NUG8FAMWS9P0XmT4oH7g4p2YYBirhYbo7zZOZ3ssUDG2uMcpJwM0AmM-cuUjQ6eSW1K5pxr9hFW2Ewl-4u9uvjQB4ybHt58bZUFJ0xc7BPJsp2X4F0i3T2w-WNrt', 'width': 4032}]",ChIJ-TBfvopVzUwROohJX1t0_8U,"{'compound_code': '6HWR+78 Kingston, Ontario', 'global_code': '87P56HWR+78'}",4.5,ChIJ-TBfvopVzUwROohJX1t0_8U,GOOGLE,"['park', 'point_of_interest', 'establishment']",2,"30 Faircrest Blvd, Kingston",https://www.google.com/maps/?q=place_id:ChIJ-TBfvopVzUwROohJX1t0_8U
OPERATIONAL,"{'location': {'lat': 44.2382151, 'lng': -76.6060482}, 'viewport': {'northeast': {'lat': 44.23949097989272, 'lng': -76.60441227010728}, 'southwest': {'lat': 44.23679132010728, 'lng': -76.60711192989272}}}",https://maps.gstatic.com/mapfiles/place_api/icons/v1/png_71/park-71.png,#4DB546,https://maps.gstatic.com/mapfiles/place_api/icons/v2/tree_pinlet,ROTARY PARK,{'open_now': False},"[{'height': 2268, 'html_attributions': ['<a href=""https://maps.google.com/maps/contrib/104820177285979145981"">mahmoud al m</a>'], 'photo_reference': 'Aap_uEBg2Q6zsRboBiqywcE_cVy8jGQj3Hu31e-dRcnKtW_pOvpvKgwXQIuBWvr2ZhTuZCzXynt-0nTLGFl84Jt5ufvNiqgbVHjSE1VOoa8ehwt6PhHKZNYK_7GNHD_gONKIryidg_HxCg8GhHeRhMO-vJOFy9_mTZivs6cC2-e6oB_RCHsw', 'width': 4032}]",ChIJjaFAlMCt0kwRrssfY1JUYfE,"{'compound_code': '69QV+7H Kingston, Ontario', 'global_code': '87P569QV+7H'}",4.8,ChIJjaFAlMCt0kwRrssfY1JUYfE,GOOGLE,"['park', 'point_of_interest', 'establishment']",12,"1280 Coverdale Dr, Kingston",https://www.google.com/maps/?q=place_id:ChIJjaFAlMCt0kwRrssfY1JUYfE
OPERATIONAL,"{'location': {'lat': 44.24668279999999, 'lng': -76.5444145}, 'viewport': {'northeast': {'lat': 44.24769902989272, 'lng': -76.54291857010729}, 'southwest': {'lat': 44.24499937010728, 'lng': -76.54561822989272}}}",https://maps.gstatic.com/mapfiles/place_api/icons/v1/png_71/park-71.png,#4DB546,https://maps.gstatic.com/mapfiles/place_api/icons/v2/tree_pinlet,Meadowbook Park,{'open_now': False},"[{'height': 750, 'html_attributions': ['<a href=""https://maps.google.com/maps/contrib/106210424070907818856"">Tracey Voigt</a>'], 'photo_reference': 'Aap_uEAZq-vFb21GbIR7JzEzLaUhQP_6gMjEcNS-mkA3DSSoljsgjD_jtPVfmZJMGzB5Lg0Pz5KaDgxXQTlT0vl-ShSuC4Ssy3Tv3Q7c4qXVUGpEErXUbWmRIcjlOac2koYhMffhJupcLcOjZme0EV9bXnNAwtGKwwwh1115tbRFOHt1ck-o', 'width': 1333}]",ChIJde24TmSs0kwRTYDfiySGiQI,"{'compound_code': '6FW4+M6 Kingston, Ontario', 'global_code': '87P56FW4+M6'}",4.5,ChIJde24TmSs0kwRTYDfiySGiQI,GOOGLE,"['park', 'point_of_interest', 'establishment']",26,"444 Kingsdale Ave, Kingston",https://www.google.com/maps/?q=place_id:ChIJde24TmSs0kwRTYDfiySGiQI
OPERATIONAL,"{'location': {'lat': 44.2522015, 'lng': -76.5608847}, 'viewport': {'northeast': {'lat': 44.25334357989273, 'lng': -76.55957627010729}, 'southwest': {'lat': 44.25064392010728, 'lng': -76.56227592989272}}}",https://maps.gstatic.com/mapfiles/place_api/icons/v1/png_71/park-71.png,#4DB546,https://maps.gstatic.com/mapfiles/place_api/icons/v2/tree_pinlet,Bexley Gate Park,{'open_now': False},,ChIJB6lg--Wt0kwRVcteiOcMxzk,"{'compound_code': '7C2Q+VJ Kingston, Ontario', 'global_code': '87P57C2Q+VJ'}",4.6,ChIJB6lg--Wt0kwRVcteiOcMxzk,GOOGLE,"['park', 'point_of_interest', 'establishment']",8,"480 Davis Dr, Kingston",https://www.google.com/maps/?q=place_id:ChIJB6lg--Wt0kwRVcteiOcMxzk
OPERATIONAL,"{'location': {'lat': 44.24727559999999, 'lng': -76.4104278}, 'viewport': {'northeast': {'lat': 44.24870417989272, 'lng': -76.40832089999998}, 'southwest': {'lat': 44.24600452010728, 'lng': -76.4111301}}}",https://maps.gstatic.com/mapfiles/place_api/icons/v1/png_71/park-71.png,#4DB546,https://maps.gstatic.com/mapfiles/place_api/icons/v2/tree_pinlet,Faircrest Park,,"[{'height': 3024, 'html_attributions': ['<a href=""https://maps.google.com/maps/contrib/109046226939594086970"">Marc-Andr Jean</a>'], 'photo_reference': 'Aap_uEB4mxvw5L0rwkxM5MvS9vUdreOILVy8i-TfvZanD33rxsss7BFFngTZUyiqtiVxsdqw2P5nGHjSwYzunf9alycNeSJy1WmxhyP8xsxba7A-4zRjYp5djSNOM5jfYrBRaj0ODZjSxg64eX3eK53iNB55eff3UqIrjv3zedqd1EQ8NIqy', 'width': 4032}]",ChIJV3lPfD1VzUwRUziRyVECmwI,"{'compound_code': '6HWQ+WR Kingston, Ontario', 'global_code': '87P56HWQ+WR'}",4.0,ChIJV3lPfD1VzUwRUziRyVECmwI,GOOGLE,"['park', 'point_of_interest', 'establishment']",1,"19 Faircrest Blvd, Kingston",https://www.google.com/maps/?q=place_id:ChIJV3lPfD1VzUwRUziRyVECmwI
