business_status,geometry,icon,icon_background_color,icon_mask_base_uri,name,opening_hours,place_id,plus_code,rating,reference,scope,types,user_ratings_total,vicinity,photos,url
OPERATIONAL,"{'location': {'lat': 44.234023, 'lng': -76.4866219}, 'viewport': {'northeast': {'lat': 44.23538912989272, 'lng': -76.48538632010728}, 'southwest': {'lat': 44.23268947010728, 'lng': -76.48808597989273}}}",https://maps.gstatic.com/mapfiles/place_api/icons/v1/png_71/school-71.png,#7B9EB0,https://maps.gstatic.com/mapfiles/place_api/icons/v2/school_pinlet,Central Public School ...,{'open_now': False},ChIJSx_t7D2s0kwRMpARwiTa5fk,"{'compound_code': '6GM7+J9 Kingston, Ontario', 'global_code': '87P56GM7+J9'}",5.0,ChIJSx_t7D2s0kwRMpARwiTa5fk,GOOGLE,"['school', 'point_of_interest', 'establishment']",4,"237 Sydenham St, Kingston",,https://www.google.com/maps/?q=place_id:ChIJSx_t7D2s0kwRMpARwiTa5fk
OPERATIONAL,"{'location': {'lat': 44.2350074, 'lng': -76.5047598}, 'viewport': {'northeast': {'lat': 44.23635722989273, 'lng': -76.50340997010728}, 'southwest': {'lat': 44.23365757010728, 'lng': -76.50610962989273}}}",https://maps.gstatic.com/mapfiles/place_api/icons/v1/png_71/school-71.png,#7B9EB0,https://maps.gstatic.com/mapfiles/place_api/icons/v2/school_pinlet,Rideau Public School,{'open_now': False},ChIJHQfDdQqr0kwRqS5ObfKfj1M,"{'compound_code': '6FPW+23 Kingston, Ontario', 'global_code': '87P56FPW+23'}",4.4,ChIJHQfDdQqr0kwRqS5ObfKfj1M,GOOGLE,"['school', 'point_of_interest', 'establishment']",14,"9 Dundas St, Kingston",,https://www.google.com/maps/?q=place_id:ChIJHQfDdQqr0kwRqS5ObfKfj1M
OPERATIONAL,"{'location': {'lat': 44.2409826, 'lng': -76.4919597}, 'viewport': {'northeast': {'lat': 44.24233242989272, 'lng': -76.49060987010728}, 'southwest': {'lat': 44.23963277010728, 'lng': -76.49330952989271}}}",https://maps.gstatic.com/mapfiles/place_api/icons/v1/png_71/school-71.png,#7B9EB0,https://maps.gstatic.com/mapfiles/place_api/icons/v2/school_pinlet,Katarokwi Learning Centre,,ChIJwTpB0sCr0kwR8-jDtq4UULk,"{'compound_code': '6GR5+96 Kingston, Ontario', 'global_code': '87P56GR5+96'}",4.0,ChIJwTpB0sCr0kwR8-jDtq4UULk,GOOGLE,"['school', 'point_of_interest', 'establishment']",4,"38 Cowdy St, Kingston",,https://www.google.com/maps/?q=place_id:ChIJwTpB0sCr0kwR8-jDtq4UULk
OPERATIONAL,"{'location': {'lat': 44.2418479, 'lng': -76.48126959999999}, 'viewport': {'northeast': {'lat': 44.24337282989272, 'lng': -76.47964732010728}, 'southwest': {'lat': 44.24067317010728, 'lng': -76.48234697989272}}}",https://maps.gstatic.com/mapfiles/place_api/icons/v1/png_71/school-71.png,#7B9EB0,https://maps.gstatic.com/mapfiles/place_api/icons/v2/school_pinlet,Leahurst College,{'open_now': False},ChIJ8yXaq7Kr0kwRPsjL6vQGxEQ,"{'compound_code': '6GR9+PF Kingston, Ontario', 'global_code': '87P56GR9+PF'}",3.7,ChIJ8yXaq7Kr0kwRPsjL6vQGxEQ,GOOGLE,"['secondary_school', 'school', 'point_of_interest', 'establishment']",13,Kingston,"[{'height': 849, 'html_attributions': ['<a href=""https://maps.google.com/maps/contrib/101810975622525501072"">A Google User</a>'], 'photo_reference': 'Aap_uEAhMpB5f5ibPWvm_phMwfw6Pl2Bq-mCV7ZhU90869xlfZyTVHpVeWN9ObYDwuWFtLLoVQcJ5P8Em5LR8esf84hG2uzJPFhWojyEHDiP0cYTLwokngEs2NNdXSO21KyApl8pR7AHYuQbsfESvPxiNR42fCwCegrZuyrFLnRLVinm4VSL', 'width': 1280}]",https://www.google.com/maps/?q=place_id:ChIJ8yXaq7Kr0kwRPsjL6vQGxEQ
OPERATIONAL,"{'location': {'lat': 44.2287493, 'lng': -76.49025639999999}, 'viewport': {'northeast': {'lat': 44.23027387989272, 'lng': -76.48899967010728}, 'southwest': {'lat': 44.22757422010727, 'lng': -76.49169932989271}}}",https://maps.gstatic.com/mapfiles/place_api/icons/v1/png_71/school-71.png,#7B9EB0,https://maps.gstatic.com/mapfiles/place_api/icons/v2/school_pinlet,Sydenham Public School,{'open_now': False},ChIJGW5SKAKr0kwRaqAxjzsqXzM,"{'compound_code': '6GH5+FV Kingston, Ontario', 'global_code': '87P56GH5+FV'}",4.4,ChIJGW5SKAKr0kwRaqAxjzsqXzM,GOOGLE,"['school', 'point_of_interest', 'establishment']",14,"5 Clergy St E, Kingston","[{'height': 2988, 'html_attributions': ['<a href=""https://maps.google.com/maps/contrib/103804364813721322298"">Louise Bellec</a>'], 'photo_reference': 'Aap_uEBK8pU0lTHkJhyN0w2-nOrxfzRR39XarMKbTr7u2qViNvq9UhYHQ6pr2u3Rden3Zy-8soO6YQYr6soz0lDbknd2T474qudPAtaReDx8edlGrxD5GX8E1AxrmV9RbcJ0-4GniGOIVlPS4ftpYWkftllZHWX80BtxvszMZTHlW12xdyBX', 'width': 5312}]",https://www.google.com/maps/?q=place_id:ChIJGW5SKAKr0kwRaqAxjzsqXzM
OPERATIONAL,"{'location': {'lat': 44.2431029, 'lng': -76.4936101}, 'viewport': {'northeast': {'lat': 44.24445272989272, 'lng': -76.49226027010728}, 'southwest': {'lat': 44.24175307010727, 'lng': -76.49495992989272}}}",https://maps.gstatic.com/mapfiles/place_api/icons/v1/png_71/school-71.png,#7B9EB0,https://maps.gstatic.com/mapfiles/place_api/icons/v2/school_pinlet,Regiopolis-Notre Dame Catholic High School,{'open_now': False},ChIJ8Y1oUaWr0kwRh_R0x5sowWs,"{'compound_code': '6GV4+6H Kingston, Ontario', 'global_code': '87P56GV4+6H'}",4.0,ChIJ8Y1oUaWr0kwRh_R0x5sowWs,GOOGLE,"['secondary_school', 'school', 'point_of_interest', 'establishment']",30,"130 Russell St, Kingston","[{'height': 720, 'html_attributions': ['<a href=""https://maps.google.com/maps/contrib/117377762110860852590"">Bluesrock</a>'], 'photo_reference': 'Aap_uEDQRM80quMuIqwfvBB5NGYKEDoe916XMur8AjqukQZezuga63s122-WPx5obBrljZjLzAZhdJp1TNN6G-chMSXuSz5ylUR4_n3cDorwe8TJ9uRR8NEivSLw0QbD5t5U_VdPGvV40cFHguAHI0iugGVf0a9bwoQ71qNbXJYbJ812FRiN', 'width': 1152}]",https://www.google.com/maps/?q=place_id:ChIJ8Y1oUaWr0kwRh_R0x5sowWs
OPERATIONAL,"{'location': {'lat': 44.22921059999999, 'lng': -76.50399329999999}, 'viewport': {'northeast': {'lat': 44.23076482989271, 'lng': -76.50265827010728}, 'southwest': {'lat': 44.22806517010727, 'lng': -76.50535792989271}}}",https://maps.gstatic.com/mapfiles/place_api/icons/v1/png_71/school-71.png,#7B9EB0,https://maps.gstatic.com/mapfiles/place_api/icons/v2/school_pinlet,Winston Churchill Public School,{'open_now': False},ChIJsyFK6g6r0kwRajdBa6i3sGk,"{'compound_code': '6FHW+MC Kingston, Ontario', 'global_code': '87P56FHW+MC'}",4.7,ChIJsyFK6g6r0kwRajdBa6i3sGk,GOOGLE,"['school', 'point_of_interest', 'establishment']",7,"530 Earl St, Kingston","[{'height': 3024, 'html_attributions': ['<a href=""https://maps.google.com/maps/contrib/111566859289876861933"">Gilberto Graca</a>'], 'photo_reference': 'Aap_uEBoqMtWnGzwOD0PL1vlh0TrKRx9jdJsEQNmxBh57qNUgoVR1CigYgRMigjv8AWG29cFgJ5FO8oUL-yCo3_fgIEz3hFxhcRTe5xb9ufYQT_xcSveAux7gEgUs0V6MV4IUc-rHKARUWF9qdTSQdm7NqXiJzqptAqydjcc8ImilJ8c_Gsq', 'width': 4032}]",https://www.google.com/maps/?q=place_id:ChIJsyFK6g6r0kwRajdBa6i3sGk
OPERATIONAL,"{'location': {'lat': 44.2432946, 'lng': -76.5018695}, 'viewport': {'northeast': {'lat': 44.24447222989272, 'lng': -76.50050242010728}, 'southwest': {'lat': 44.24177257010727, 'lng': -76.50320207989273}}}",https://maps.gstatic.com/mapfiles/place_api/icons/v1/png_71/school-71.png,#7B9EB0,https://maps.gstatic.com/mapfiles/place_api/icons/v2/school_pinlet,First Avenue Public School,,ChIJsx5dIaOr0kwRGBrjjEr7YcI,"{'compound_code': '6FVX+87 Kingston, Ontario', 'global_code': '87P56FVX+87'}",0.0,ChIJsx5dIaOr0kwRGBrjjEr7YcI,GOOGLE,"['school', 'point_of_interest', 'establishment']",0,"85 First Ave, Kingston",,https://www.google.com/maps/?q=place_id:ChIJsx5dIaOr0kwRGBrjjEr7YcI
OPERATIONAL,"{'location': {'lat': 44.2598768, 'lng': -76.4895908}, 'viewport': {'northeast': {'lat': 44.26124362989272, 'lng': -76.48802352010728}, 'southwest': {'lat': 44.25854397010728, 'lng': -76.49072317989271}}}",https://maps.gstatic.com/mapfiles/place_api/icons/v1/png_71/school-71.png,#7B9EB0,https://maps.gstatic.com/mapfiles/place_api/icons/v2/school_pinlet,John Graves Simcoe Public School,{'open_now': False},ChIJRzIxk8Sr0kwRFAZ2zZVSiiM,"{'compound_code': '7G56+X5 Kingston, Ontario', 'global_code': '87P57G56+X5'}",4.6,ChIJRzIxk8Sr0kwRFAZ2zZVSiiM,GOOGLE,"['primary_school', 'school', 'point_of_interest', 'establishment']",5,"90 Wiley St, Kingston","[{'height': 2322, 'html_attributions': ['<a href=""https://maps.google.com/maps/contrib/114983854971970987886"">Christina Crouse</a>'], 'photo_reference': 'Aap_uECUTo6fq8ncsxqmbOocY4lphmKJVBmeNxr7zxrsLz4DfQ_s8wKAzWIJ-YNOVEuiQ4NVxDlxqCm3hnvBbpg_hEwr3vUvajDUxmynHOX35bI4vHjIU9PjightYfvseDUQwkYFw00VAXQNvvx8g7qTCJ301w-70jnoA7phaNgKY1dXWbSe', 'width': 4128}]",https://www.google.com/maps/?q=place_id:ChIJRzIxk8Sr0kwRFAZ2zZVSiiM
OPERATIONAL,"{'location': {'lat': 44.2384308, 'lng': -76.4867584}, 'viewport': {'northeast': {'lat': 44.23998617989272, 'lng': -76.48549692010727}, 'southwest': {'lat': 44.23728652010728, 'lng': -76.48819657989272}}}",https://maps.gstatic.com/mapfiles/place_api/icons/v1/png_71/school-71.png,#7B9EB0,https://maps.gstatic.com/mapfiles/place_api/icons/v2/school_pinlet,Mulberry Waldorf School,{'open_now': True},ChIJLzwde6yr0kwR-T2ddrywxwE,"{'compound_code': '6GQ7+97 Kingston, Ontario', 'global_code': '87P56GQ7+97'}",5.0,ChIJLzwde6yr0kwR-T2ddrywxwE,GOOGLE,"['primary_school', 'school', 'point_of_interest', 'establishment']",5,"25 Markland St, Kingston",,https://www.google.com/maps/?q=place_id:ChIJLzwde6yr0kwR-T2ddrywxwE
OPERATIONAL,"{'location': {'lat': 44.265263, 'lng': -76.4816773}, 'viewport': {'northeast': {'lat': 44.26645277989272, 'lng': -76.48030732010727}, 'southwest': {'lat': 44.26375312010728, 'lng': -76.48300697989272}}}",https://maps.gstatic.com/mapfiles/place_api/icons/v1/png_71/school-71.png,#7B9EB0,https://maps.gstatic.com/mapfiles/place_api/icons/v2/school_pinlet,Rideau Heights Public School,{'open_now': False},ChIJsYuVUter0kwR3YnyCJIEAmQ,"{'compound_code': '7G89+48 Kingston, Ontario', 'global_code': '87P57G89+48'}",4.1,ChIJsYuVUter0kwR3YnyCJIEAmQ,GOOGLE,"['school', 'point_of_interest', 'establishment']",9,"77 Maccauley St., Kingston",,https://www.google.com/maps/?q=place_id:ChIJsYuVUter0kwR3YnyCJIEAmQ
OPERATIONAL,"{'location': {'lat': 44.2351242, 'lng': -76.5304843}, 'viewport': {'northeast': {'lat': 44.23645402989273, 'lng': -76.52878352010727}, 'southwest': {'lat': 44.23375437010728, 'lng': -76.53148317989272}}}",https://maps.gstatic.com/mapfiles/place_api/icons/v1/png_71/school-71.png,#7B9EB0,https://maps.gstatic.com/mapfiles/place_api/icons/v2/school_pinlet,Polson Park Public School,{'open_now': False},ChIJbRS2WH6r0kwRcoYFge-TEnA,"{'compound_code': '6FP9+2R Kingston, Ontario', 'global_code': '87P56FP9+2R'}",4.8,ChIJbRS2WH6r0kwRcoYFge-TEnA,GOOGLE,"['school', 'point_of_interest', 'establishment']",11,"165 Robert Wallace Dr, Kingston","[{'height': 3024, 'html_attributions': ['<a href=""https://maps.google.com/maps/contrib/115960985182412812890"">A Google User</a>'], 'photo_reference': 'Aap_uEBGTxGZFvhdyCEDMWisntP3nMEGqVXxIvGB3ixFx0g-7MNeK5Skg4TaD-LrzRK72ed6K4ayau-7q5_2lrHLpDlcSx0wnYfpZwTpyV68PSdnoUdarx0KJHidYSgJQkKWd8XdRpJ1bHxb278eSARVrz_eCYxp9ck3li71wf7yCKcZ0eoa', 'width': 4032}]",https://www.google.com/maps/?q=place_id:ChIJbRS2WH6r0kwRcoYFge-TEnA
OPERATIONAL,"{'location': {'lat': 44.2534913, 'lng': -76.50240509999999}, 'viewport': {'northeast': {'lat': 44.25473652989271, 'lng': -76.50104682010728}, 'southwest': {'lat': 44.25203687010727, 'lng': -76.50374647989271}}}",https://maps.gstatic.com/mapfiles/place_api/icons/v1/png_71/school-71.png,#7B9EB0,https://maps.gstatic.com/mapfiles/place_api/icons/v2/school_pinlet,Kingston Secondary School and Module Vanier,{'open_now': False},ChIJ-3zioZKr0kwRsEH-7jD0N18,"{'compound_code': '7F3X+92 Kingston, Ontario', 'global_code': '87P57F3X+92'}",3.4,ChIJ-3zioZKr0kwRsEH-7jD0N18,GOOGLE,"['secondary_school', 'school', 'point_of_interest', 'establishment']",12,"145 Kirkpatrick St, Kingston","[{'height': 1536, 'html_attributions': ['<a href=""https://maps.google.com/maps/contrib/117823149061055360958"">Steven Hedderson</a>'], 'photo_reference': 'Aap_uEBGrDtm-pnmUGFrsxTSdkJtYwkb-vykBTi9crknMeO_NvoUuLGZls1UKLYXh2Z55OM9p59dlJGcYF4NYbsIPlgmSu8EOvHL7k9bEX9sHTw-BSapwcoUdHD3ddH8PRuuEIYS0jYeDD1jEFFg88virrTxE040NEXnQ4VlKd009R4wCQk8', 'width': 2048}]",https://www.google.com/maps/?q=place_id:ChIJ-3zioZKr0kwRsEH-7jD0N18
OPERATIONAL,"{'location': {'lat': 44.2502669, 'lng': -76.5226268}, 'viewport': {'northeast': {'lat': 44.25147447989271, 'lng': -76.52127167010728}, 'southwest': {'lat': 44.24877482010727, 'lng': -76.52397132989273}}}",https://maps.gstatic.com/mapfiles/place_api/icons/v1/png_71/school-71.png,#7B9EB0,https://maps.gstatic.com/mapfiles/place_api/icons/v2/school_pinlet,Lord Strathcona Public School,{'open_now': False},ChIJs-RMcomr0kwR3IbT2QX82RM,"{'compound_code': '7F2G+4W Kingston, Ontario', 'global_code': '87P57F2G+4W'}",3.9,ChIJs-RMcomr0kwR3IbT2QX82RM,GOOGLE,"['school', 'point_of_interest', 'establishment']",7,"251 McMahon Ave, Kingston",,https://www.google.com/maps/?q=place_id:ChIJs-RMcomr0kwR3IbT2QX82RM
OPERATIONAL,"{'location': {'lat': 44.2430033, 'lng': -76.4903789}, 'viewport': {'northeast': {'lat': 44.24435957989272, 'lng': -76.48896982010727}, 'southwest': {'lat': 44.24165992010728, 'lng': -76.49166947989272}}}",https://maps.gstatic.com/mapfiles/place_api/icons/v1/png_71/school-71.png,#7B9EB0,https://maps.gstatic.com/mapfiles/place_api/icons/v2/school_pinlet,molly Brant elementary school,,ChIJVUCoPxSr0kwRjKWld4ifJSY,"{'compound_code': '6GV5+6R Kingston, Ontario', 'global_code': '87P56GV5+6R'}",0.0,ChIJVUCoPxSr0kwRjKWld4ifJSY,GOOGLE,"['primary_school', 'school', 'point_of_interest', 'establishment']",0,"Patrick St, Kingston",,https://www.google.com/maps/?q=place_id:ChIJVUCoPxSr0kwRjKWld4ifJSY
OPERATIONAL,"{'location': {'lat': 44.2385811, 'lng': -76.52083619999999}, 'viewport': {'northeast': {'lat': 44.23961332989272, 'lng': -76.51933492010728}, 'southwest': {'lat': 44.23691367010728, 'lng': -76.52203457989272}}}",https://maps.gstatic.com/mapfiles/place_api/icons/v1/png_71/school-71.png,#7B9EB0,https://maps.gstatic.com/mapfiles/place_api/icons/v2/school_pinlet,Calvin Park Public School,{'open_now': False},ChIJ4zJMo4Kr0kwR7D-JMB3HsA0,"{'compound_code': '6FQH+CM Kingston, Ontario', 'global_code': '87P56FQH+CM'}",4.4,ChIJ4zJMo4Kr0kwR7D-JMB3HsA0,GOOGLE,"['school', 'point_of_interest', 'establishment']",10,"153 Van Order Dr, Kingston","[{'height': 4032, 'html_attributions': ['<a href=""https://maps.google.com/maps/contrib/114555211384266547567"">Kate Gollogly</a>'], 'photo_reference': 'Aap_uEBqK_itp-XkNePqoz8WR98VA1lestV7Wm4hY1ZpcrGhF5Xb3b6KojIVPFKiwjaS0793BFiMFuDVlCpNETs61_3duydG-n9KIQkF6rHAtqhszI4yu6QhCAW9evy5eck29a3z54pJvLfPW4wSJWSbS_vSK25svM5ApD63muvAVia8A3Xp', 'width': 1960}]",https://www.google.com/maps/?q=place_id:ChIJ4zJMo4Kr0kwR7D-JMB3HsA0
OPERATIONAL,"{'location': {'lat': 44.2551755, 'lng': -76.50049229999999}, 'viewport': {'northeast': {'lat': 44.25641657989272, 'lng': -76.49904607010728}, 'southwest': {'lat': 44.25371692010728, 'lng': -76.50174572989272}}}",https://maps.gstatic.com/mapfiles/place_api/icons/v1/png_71/school-71.png,#7B9EB0,https://maps.gstatic.com/mapfiles/place_api/icons/v2/school_pinlet,Molly Brant Elementary School,{'open_now': False},ChIJJ61OH8Cr0kwRZG_cgIFgc6k,"{'compound_code': '7F4X+3R Kingston, Ontario', 'global_code': '87P57F4X+3R'}",3.4,ChIJJ61OH8Cr0kwRZG_cgIFgc6k,GOOGLE,"['primary_school', 'school', 'point_of_interest', 'establishment']",12,"30 Lyons St, Kingston","[{'height': 3840, 'html_attributions': ['<a href=""https://maps.google.com/maps/contrib/108328633857395351875"">N Jim Godwin</a>'], 'photo_reference': 'Aap_uEBvnN0OM5t2Bwcf9yRBcOZ_JcETlar6refC_wz9S5I9W4fexPH7LVhLcBKxyMleP8N2wOfVNQYEU6zpvYOIGt_FL259DdY9PbUqEmrkpGF-SPuqLCf6tp6BWMt4wA732NwlaqCF64Zazv5zq2rT-NwVYaFLw5WMg3VVm2vAJXmB7zi1', 'width': 2160}]",https://www.google.com/maps/?q=place_id:ChIJJ61OH8Cr0kwRZG_cgIFgc6k
OPERATIONAL,"{'location': {'lat': 44.2353996, 'lng': -76.4828083}, 'viewport': {'northeast': {'lat': 44.23676247989273, 'lng': -76.48135617010728}, 'southwest': {'lat': 44.23406282010728, 'lng': -76.48405582989272}}}",https://maps.gstatic.com/mapfiles/place_api/icons/v1/png_71/school-71.png,#7B9EB0,https://maps.gstatic.com/mapfiles/place_api/icons/v2/school_pinlet,King's Town School,{'open_now': False},ChIJ9V3p5lSq0kwROLJ5zbSgN3Q,"{'compound_code': '6GP8+5V Kingston, Ontario', 'global_code': '87P56GP8+5V'}",5.0,ChIJ9V3p5lSq0kwROLJ5zbSgN3Q,GOOGLE,"['primary_school', 'school', 'point_of_interest', 'establishment']",2,"66 Rideau St, Kingston","[{'height': 718, 'html_attributions': ['<a href=""https://maps.google.com/maps/contrib/112635795900587304538"">King&#39;s Town School</a>'], 'photo_reference': 'Aap_uEDPpnuuIzQp3B3eS_8B2-Snib7vDcxQnaEfb0pa9WcX8HrUEmMlCPQryQhLKYWMKfO8bDzH3SkkodYmD9GR9GbiAMkub5Po97TZrfsZqv5zHW8mbdqaF3hqp1KdsfChjAA2eJwLrj9DupI9T8IzFgfpZokBVy0dIH7P29FoBHNp-bPG', 'width': 960}]",https://www.google.com/maps/?q=place_id:ChIJ9V3p5lSq0kwROLJ5zbSgN3Q
OPERATIONAL,"{'location': {'lat': 44.2412929, 'lng': -76.4899633}, 'viewport': {'northeast': {'lat': 44.24262272989272, 'lng': -76.48849352010727}, 'southwest': {'lat': 44.23992307010728, 'lng': -76.49119317989272}}}",https://maps.gstatic.com/mapfiles/place_api/icons/v1/png_71/school-71.png,#7B9EB0,https://maps.gstatic.com/mapfiles/place_api/icons/v2/school_pinlet,École secondaire publique Mille-Îles,,ChIJ5_60i7qSZEERPl9OdSRnDM8,"{'compound_code': '6GR6+G2 Kingston, Ontario', 'global_code': '87P56GR6+G2'}",0.0,ChIJ5_60i7qSZEERPl9OdSRnDM8,GOOGLE,"['secondary_school', 'school', 'point_of_interest', 'establishment']",0,"158 Patrick St, Kingston","[{'height': 3264, 'html_attributions': ['<a href=""https://maps.google.com/maps/contrib/104205602507178356212"">École Secondaire Publique Mille-Iles</a>'], 'photo_reference': 'Aap_uEBkFOMZttU8TQ_OUXpweAy8bbThBj9cd1AB7t5dHwKfsCRHOxAYw2sqV7DBxrFHYDa6KxEukcWvrLTnCvaTJsqNv5UPChsa6Y-26Osrv5_DV3q4C_U-GazYaDGBOpiYN5dUzayNhS_CWHcO9ixKQlyuHWlrneZdvQUhX2X_4oC2AJ75', 'width': 4928}]",https://www.google.com/maps/?q=place_id:ChIJ5_60i7qSZEERPl9OdSRnDM8
OPERATIONAL,"{'location': {'lat': 44.2315687, 'lng': -76.51974860000001}, 'viewport': {'northeast': {'lat': 44.23313282989272, 'lng': -76.51835097010728}, 'southwest': {'lat': 44.23043317010728, 'lng': -76.52105062989273}}}",https://maps.gstatic.com/mapfiles/place_api/icons/v1/png_71/school-71.png,#7B9EB0,https://maps.gstatic.com/mapfiles/place_api/icons/v2/school_pinlet,Centennial Public School,{'open_now': False},ChIJfy_SJnGr0kwREpbLZqpsMtI,"{'compound_code': '6FJJ+J4 Kingston, Ontario', 'global_code': '87P56FJJ+J4'}",3.8,ChIJfy_SJnGr0kwREpbLZqpsMtI,GOOGLE,"['school', 'point_of_interest', 'establishment']",13,"120 Norman Rogers Dr, Kingston","[{'height': 3036, 'html_attributions': ['<a href=""https://maps.google.com/maps/contrib/112064457219909067727"">Simon Handley</a>'], 'photo_reference': 'Aap_uECL6YBa3QbUwH3bzwpk8ohvv6FbrEJ1qugFIwxgi16SN4j_-rgakUPyoZXgiVU76en0f3qFlFePbDsD1qt6f49M9lcuqXhJCavbZGU02kxc9Vf68sb2kGheAp4dfh3YQTbn5dDDlVdfJHi-s6FQ1X0LGOoo1tKTr_n20na7B-Gz7rhE', 'width': 4048}]",https://www.google.com/maps/?q=place_id:ChIJfy_SJnGr0kwREpbLZqpsMtI
OPERATIONAL,"{'location': {'lat': 44.2341645, 'lng': -76.4920011}, 'viewport': {'northeast': {'lat': 44.23540597989272, 'lng': -76.49068337010728}, 'southwest': {'lat': 44.23270632010728, 'lng': -76.49338302989271}}}",https://maps.gstatic.com/mapfiles/place_api/icons/v1/png_71/school-71.png,#7B9EB0,https://maps.gstatic.com/mapfiles/place_api/icons/v2/school_pinlet,International English School of Canada (The),,ChIJGYmq_qmr0kwRar7AwTgaOYE,"{'compound_code': '6GM5+M5 Kingston, Ontario', 'global_code': '87P56GM5+M5'}",0.0,ChIJGYmq_qmr0kwRar7AwTgaOYE,GOOGLE,"['school', 'point_of_interest', 'establishment']",0,"311 Queen St, Kingston",,https://www.google.com/maps/?q=place_id:ChIJGYmq_qmr0kwRar7AwTgaOYE
OPERATIONAL,"{'location': {'lat': 44.23975249999999, 'lng': -76.5156283}, 'viewport': {'northeast': {'lat': 44.24107217989273, 'lng': -76.51432072010728}, 'southwest': {'lat': 44.23837252010728, 'lng': -76.51702037989273}}}",https://maps.gstatic.com/mapfiles/place_api/icons/v1/png_71/school-71.png,#7B9EB0,https://maps.gstatic.com/mapfiles/place_api/icons/v2/school_pinlet,Kingston Adventist Elementary School,,ChIJE4bPW5yr0kwRr6cNufoLixo,"{'compound_code': '6FQM+WP Kingston, Ontario', 'global_code': '87P56FQM+WP'}",0.0,ChIJE4bPW5yr0kwRr6cNufoLixo,GOOGLE,"['primary_school', 'school', 'point_of_interest', 'establishment']",0,Kingston,,https://www.google.com/maps/?q=place_id:ChIJE4bPW5yr0kwRr6cNufoLixo
OPERATIONAL,"{'location': {'lat': 44.2326501, 'lng': -76.4873535}, 'viewport': {'northeast': {'lat': 44.23397737989273, 'lng': -76.48594647010728}, 'southwest': {'lat': 44.23127772010728, 'lng': -76.48864612989273}}}",https://maps.gstatic.com/mapfiles/place_api/icons/v1/png_71/school-71.png,#7B9EB0,https://maps.gstatic.com/mapfiles/place_api/icons/v2/school_pinlet,english school,,ChIJdf3aUoir0kwRNmgTKolko8Q,"{'compound_code': '6GM7+33 Kingston, Ontario', 'global_code': '87P56GM7+33'}",0.0,ChIJdf3aUoir0kwRNmgTKolko8Q,GOOGLE,"['school', 'point_of_interest', 'establishment']",0,"Unnamed Road, Kingston",,https://www.google.com/maps/?q=place_id:ChIJdf3aUoir0kwRNmgTKolko8Q
OPERATIONAL,"{'location': {'lat': 44.2441403, 'lng': -76.58015999999999}, 'viewport': {'northeast': {'lat': 44.24534787989272, 'lng': -76.57839067010727}, 'southwest': {'lat': 44.24264822010728, 'lng': -76.5810903298927}}}",https://maps.gstatic.com/mapfiles/place_api/icons/v1/png_71/school-71.png,#7B9EB0,https://maps.gstatic.com/mapfiles/place_api/icons/v2/school_pinlet,Truedell Public School,{'open_now': False},ChIJZUeCdgCt0kwR6_y63fngwz0,"{'compound_code': '6CV9+MW Kingston, Ontario', 'global_code': '87P56CV9+MW'}",3.9,ChIJZUeCdgCt0kwR6_y63fngwz0,GOOGLE,"['school', 'point_of_interest', 'establishment']",9,"641 Truedell Rd, Kingston",,https://www.google.com/maps/?q=place_id:ChIJZUeCdgCt0kwR6_y63fngwz0
OPERATIONAL,"{'location': {'lat': 44.2379136, 'lng': -76.5212657}, 'viewport': {'northeast': {'lat': 44.23916927989272, 'lng': -76.51955357010728}, 'southwest': {'lat': 44.23646962010728, 'lng': -76.52225322989273}}}",https://maps.gstatic.com/mapfiles/place_api/icons/v1/png_71/school-71.png,#7B9EB0,https://maps.gstatic.com/mapfiles/place_api/icons/v2/school_pinlet,Limestone District School Board Educational Services,,ChIJDV9duYKr0kwR1KeGooifrwU,"{'compound_code': '6FQH+5F Kingston, Ontario', 'global_code': '87P56FQH+5F'}",5.0,ChIJDV9duYKr0kwR1KeGooifrwU,GOOGLE,"['school', 'point_of_interest', 'establishment']",1,"164 Van Order Dr, Kingston","[{'height': 5312, 'html_attributions': ['<a href=""https://maps.google.com/maps/contrib/101996114538562691739"">maged hasany</a>'], 'photo_reference': 'Aap_uEC1ngErBwQMwYd5WhpVr81sGs1K_hWgeMmChP2vDHvy5UKoYZyuTqdbdsk6GoV3zjZ5IMnd6ipzX1DV0T1R8zhM6Pj7N-Ny5viq7U7v4q4ii8wHLvg0eaduGecvRXe0gMLHd__qRIGndD82ubteOkl4_ni-rzRI7oEfU9JgKLSoAAY4', 'width': 2988}]",https://www.google.com/maps/?q=place_id:ChIJDV9duYKr0kwR1KeGooifrwU
OPERATIONAL,"{'location': {'lat': 44.2665143, 'lng': -76.4459504}, 'viewport': {'northeast': {'lat': 44.26799212989272, 'lng': -76.44480082010728}, 'southwest': {'lat': 44.26529247010728, 'lng': -76.44750047989271}}}",https://maps.gstatic.com/mapfiles/place_api/icons/v1/png_71/school-71.png,#7B9EB0,https://maps.gstatic.com/mapfiles/place_api/icons/v2/school_pinlet,Kingston East Elementary School,{'open_now': False},ChIJY027kYqp0kwRyrO6Iv5Q6yU,"{'compound_code': '7H83+JJ Kingston, Ontario', 'global_code': '87P57H83+JJ'}",3.8,ChIJY027kYqp0kwRyrO6Iv5Q6yU,GOOGLE,"['school', 'point_of_interest', 'establishment']",14,"529 St Martha St, Kingston","[{'height': 1200, 'html_attributions': ['<a href=""https://maps.google.com/maps/contrib/113664309233820834071"">A Google User</a>'], 'photo_reference': 'Aap_uECwFxucmIsrxFVS_B-s6J9v1Do7Nu-5QgQ8nm90zxfnrkRRgFJTPRGYRB7LiM6Hs_LP1rjwJ1ofAOV4OaHeONBIG3vVQ4x-fHBTr47yudnl5JV8xMd8GCNJpNcWAQVLXht26bePyBwcZi6ZZ9JdT2rNAUydtIuGpI7KYTB9n9Ad3gbx', 'width': 1600}]",https://www.google.com/maps/?q=place_id:ChIJY027kYqp0kwRyrO6Iv5Q6yU
OPERATIONAL,"{'location': {'lat': 44.23596209999999, 'lng': -76.4977751}, 'viewport': {'northeast': {'lat': 44.23731612989272, 'lng': -76.49633917010728}, 'southwest': {'lat': 44.23461647010728, 'lng': -76.49903882989271}}}",https://maps.gstatic.com/mapfiles/place_api/icons/v1/png_71/school-71.png,#7B9EB0,https://maps.gstatic.com/mapfiles/place_api/icons/v2/school_pinlet,Faith Alive Academy,,ChIJh43Duv-q0kwRotIQByjU_r0,"{'compound_code': '6GP2+9V Kingston, Ontario', 'global_code': '87P56GP2+9V'}",0.0,ChIJh43Duv-q0kwRotIQByjU_r0,GOOGLE,"['school', 'point_of_interest', 'establishment']",0,"362 Alfred St, Kingston",,https://www.google.com/maps/?q=place_id:ChIJh43Duv-q0kwRotIQByjU_r0
OPERATIONAL,"{'location': {'lat': 44.2586079, 'lng': -76.548762}, 'viewport': {'northeast': {'lat': 44.25972027989272, 'lng': -76.54739972010728}, 'southwest': {'lat': 44.25702062010728, 'lng': -76.55009937989273}}}",https://maps.gstatic.com/mapfiles/place_api/icons/v1/png_71/school-71.png,#7B9EB0,https://maps.gstatic.com/mapfiles/place_api/icons/v2/school_pinlet,Lakeshore School,,ChIJvx_VbkCs0kwRwt5v-RvBGUs,"{'compound_code': '7F52+CF Kingston, Ontario', 'global_code': '87P57F52+CF'}",5.0,ChIJvx_VbkCs0kwRwt5v-RvBGUs,GOOGLE,"['school', 'point_of_interest', 'establishment']",1,"2312 Princess St, Kingston",,https://www.google.com/maps/?q=place_id:ChIJvx_VbkCs0kwRwt5v-RvBGUs
OPERATIONAL,"{'location': {'lat': 44.2611312, 'lng': -76.4901351}, 'viewport': {'northeast': {'lat': 44.26251027989272, 'lng': -76.48839077010729}, 'southwest': {'lat': 44.25981062010727, 'lng': -76.49109042989272}}}",https://maps.gstatic.com/mapfiles/place_api/icons/v1/png_71/school-71.png,#7B9EB0,https://maps.gstatic.com/mapfiles/place_api/icons/v2/school_pinlet,St.Francis Of Assisi Elementary School,,ChIJ49mdR7ar0kwRgOCpKqTFifE,"{'compound_code': '7G65+FW Kingston, Ontario', 'global_code': '87P57G65+FW'}",2.8,ChIJ49mdR7ar0kwRgOCpKqTFifE,GOOGLE,"['school', 'point_of_interest', 'establishment']",5,Kingston,"[{'height': 2796, 'html_attributions': ['<a href=""https://maps.google.com/maps/contrib/108920880855004772352"">sean byrne</a>'], 'photo_reference': 'Aap_uEAnfbuH5FdcER2qEjhz2n6g-VUwDbWTrnumMiL6hPJ1ULd_YT_rhsYoXXgVOfJZXykvkbzd-mrQ_OKsSfg808U8viLnOUYmXJUypIFovrqIcIMmeCEHngrqo9SIJjdR5hTIWqz3YGphsx1wFqdJIiDWq_kuBablrjJIGnomueVH1YdW', 'width': 3728}]",https://www.google.com/maps/?q=place_id:ChIJ49mdR7ar0kwRgOCpKqTFifE
OPERATIONAL,"{'location': {'lat': 44.25054799999999, 'lng': -76.59670109999999}, 'viewport': {'northeast': {'lat': 44.25188862989272, 'lng': -76.59502252010728}, 'southwest': {'lat': 44.24918897010728, 'lng': -76.59772217989273}}}",https://maps.gstatic.com/mapfiles/place_api/icons/v1/png_71/school-71.png,#7B9EB0,https://maps.gstatic.com/mapfiles/place_api/icons/v2/school_pinlet,Bayridge Secondary School,{'open_now': False},ChIJmfhTgqGt0kwRW3Mo0GMD11g,"{'compound_code': '7C23+68 Kingston, Ontario', 'global_code': '87P57C23+68'}",3.6,ChIJmfhTgqGt0kwRW3Mo0GMD11g,GOOGLE,"['secondary_school', 'school', 'point_of_interest', 'establishment']",22,"1059 Taylor Kidd Blvd, Kingston",,https://www.google.com/maps/?q=place_id:ChIJmfhTgqGt0kwRW3Mo0GMD11g
OPERATIONAL,"{'location': {'lat': 44.2488641, 'lng': -76.5936852}, 'viewport': {'northeast': {'lat': 44.25001647989272, 'lng': -76.59282817010728}, 'southwest': {'lat': 44.24731682010728, 'lng': -76.59552782989272}}}",https://maps.gstatic.com/mapfiles/place_api/icons/v1/png_71/school-71.png,#7B9EB0,https://maps.gstatic.com/mapfiles/place_api/icons/v2/school_pinlet,Bayridge Public School,,ChIJl8r9z6at0kwRfMRZx8NnHO4,"{'compound_code': '6CX4+GG Kingston, Ontario', 'global_code': '87P56CX4+GG'}",3.3,ChIJl8r9z6at0kwRfMRZx8NnHO4,GOOGLE,"['school', 'point_of_interest', 'establishment']",13,"1066 Hudson Dr, Kingston","[{'height': 3072, 'html_attributions': ['<a href=""https://maps.google.com/maps/contrib/115519369344402323652"">James Daye</a>'], 'photo_reference': 'Aap_uEBtV7Hb_tkMA4V2yK-AkE8Ku_bUwvgHF-AgzqJX0tFRsrScWomD_DATDpTqFyqnGrOnx2rW2pak6u5nKii7QL1NOZSxAyPH0UoV_tKOHvPOqTk6ajK3TtpobaRWBNJPCRLb5HWbEg5LUSjnaf1uJ8ZUgJFHXGqkfB5Oi9B5PKDHaAlC', 'width': 4096}]",https://www.google.com/maps/?q=place_id:ChIJl8r9z6at0kwRfMRZx8NnHO4
OPERATIONAL,"{'location': {'lat': 44.2415435, 'lng': -76.525986}, 'viewport': {'northeast': {'lat': 44.24288802989272, 'lng': -76.52481397010727}, 'southwest': {'lat': 44.24018837010728, 'lng': -76.52751362989272}}}",https://maps.gstatic.com/mapfiles/place_api/icons/v1/png_71/school-71.png,#7B9EB0,https://maps.gstatic.com/mapfiles/place_api/icons/v2/school_pinlet,École Élémentaire Publique Madeleine-De-Roybon,{'open_now': False},ChIJj-dvz2eq0kwR6TFmqWrjMi8,"{'compound_code': '6FRF+JJ Kingston, Ontario', 'global_code': '87P56FRF+JJ'}",4.3,ChIJj-dvz2eq0kwR6TFmqWrjMi8,GOOGLE,"['primary_school', 'school', 'point_of_interest', 'establishment']",3,"72 Gilmour Ave, Kingston","[{'height': 3264, 'html_attributions': ['<a href=""https://maps.google.com/maps/contrib/105457969648028891966"">Prezence Media</a>'], 'photo_reference': 'Aap_uEBLDeI-vrvcclWHvdgS_bYSOZPdqo3kFeZ1hfIPOKopHXgRSP9NG0gU9sP9WQltNNT14FnuaM_niCdmAqRmWhiBzhrr0QaCWNaKvKNe73fpstWbIc5JjF2NWDTefRds3JyOIMweGAjDqpX9atGvwjyms75PRHw7mvs2O1ew54_kVwwm', 'width': 4928}]",https://www.google.com/maps/?q=place_id:ChIJj-dvz2eq0kwR6TFmqWrjMi8
OPERATIONAL,"{'location': {'lat': 44.2496152, 'lng': -76.5242158}, 'viewport': {'northeast': {'lat': 44.25111887989272, 'lng': -76.52288157010727}, 'southwest': {'lat': 44.24841922010728, 'lng': -76.52558122989271}}}",https://maps.gstatic.com/mapfiles/place_api/icons/v1/png_71/school-71.png,#7B9EB0,https://maps.gstatic.com/mapfiles/place_api/icons/v2/school_pinlet,Saint Paul Catholic School,,ChIJaWOWromr0kwRB05ld3gz1Fc,"{'compound_code': '6FXG+R8 Kingston, Ontario', 'global_code': '87P56FXG+R8'}",5.0,ChIJaWOWromr0kwRB05ld3gz1Fc,GOOGLE,"['primary_school', 'school', 'point_of_interest', 'establishment']",4,"266 McMahon Ave, Kingston",,https://www.google.com/maps/?q=place_id:ChIJaWOWromr0kwRB05ld3gz1Fc
OPERATIONAL,"{'location': {'lat': 44.2311284, 'lng': -76.4909053}, 'viewport': {'northeast': {'lat': 44.23240447989272, 'lng': -76.48957292010728}, 'southwest': {'lat': 44.22970482010727, 'lng': -76.49227257989273}}}",https://maps.gstatic.com/mapfiles/place_api/icons/v1/png_71/school-71.png,#7B9EB0,https://maps.gstatic.com/mapfiles/place_api/icons/v2/school_pinlet,École Catholique Cathédrale,{'open_now': False},ChIJ00qN4ACr0kwRPdvzQSvHUcw,"{'compound_code': '6GJ5+FJ Kingston, Ontario', 'global_code': '87P56GJ5+FJ'}",4.2,ChIJ00qN4ACr0kwRPdvzQSvHUcw,GOOGLE,"['school', 'point_of_interest', 'establishment']",5,"301 Johnson St, Kingston","[{'height': 3265, 'html_attributions': ['<a href=""https://maps.google.com/maps/contrib/105586336547409676096"">Michael Walsh</a>'], 'photo_reference': 'Aap_uECEG9ekuQieIQMI7ozSsja41vgw2dN74CKiGJt16thfyjLHkc7OQt7DGhIuj45tysaaSeh5E4McoHBSY-IoOUqNoBTALqZT3EtnKmJ1jUH-GrnMLv7hpMTWCYYih6ThLXvQTyC83PmljT6lomJoBTZeBjLo2-SxN3vAUx-KEwhpyxNd', 'width': 4898}]",https://www.google.com/maps/?q=place_id:ChIJ00qN4ACr0kwRPdvzQSvHUcw
OPERATIONAL,"{'location': {'lat': 44.2535102, 'lng': -76.5524851}, 'viewport': {'northeast': {'lat': 44.25509982989272, 'lng': -76.55096702010727}, 'southwest': {'lat': 44.25240017010728, 'lng': -76.55366667989271}}}",https://maps.gstatic.com/mapfiles/place_api/icons/v1/png_71/school-71.png,#7B9EB0,https://maps.gstatic.com/mapfiles/place_api/icons/v2/school_pinlet,Saint Marguerite Bourgeoys Catholic School,,ChIJX8TtLUKs0kwRbaptLf3Ov-0,"{'compound_code': '7C3X+C2 Kingston, Ontario', 'global_code': '87P57C3X+C2'}",4.0,ChIJX8TtLUKs0kwRbaptLf3Ov-0,GOOGLE,"['school', 'point_of_interest', 'establishment']",7,"355 Waterloo Dr, Kingston",,https://www.google.com/maps/?q=place_id:ChIJX8TtLUKs0kwRbaptLf3Ov-0
OPERATIONAL,"{'location': {'lat': 44.2371477, 'lng': -76.5769332}, 'viewport': {'northeast': {'lat': 44.23865752989272, 'lng': -76.57549282010727}, 'southwest': {'lat': 44.23595787010728, 'lng': -76.57819247989272}}}",https://maps.gstatic.com/mapfiles/place_api/icons/v1/png_71/school-71.png,#7B9EB0,https://maps.gstatic.com/mapfiles/place_api/icons/v2/school_pinlet,Frontenac Secondary School,{'open_now': False},ChIJdxGpjvus0kwRFxTsMPazjHk,"{'compound_code': '6CPF+V6 Kingston, Ontario', 'global_code': '87P56CPF+V6'}",3.7,ChIJdxGpjvus0kwRFxTsMPazjHk,GOOGLE,"['school', 'point_of_interest', 'establishment']",25,"1789 Bath Rd, Kingston","[{'height': 3096, 'html_attributions': ['<a href=""https://maps.google.com/maps/contrib/112609248128947524573"">Chris Story</a>'], 'photo_reference': 'Aap_uEDffTPTwwt4Ljf64mafENJj8e-I3RjyvKTLGh9sT2Sv8HJdB8NIFdUVTJk3kp1vps5sfMu4UHn9OKnlbGgrkjf91BZ8VkkhJtAU4S95XMYapzT-T0PAo4hCshOlFwYoatcSyzu17tVh48BBSFMzn6DEImkBZiXz_m5708MfEiLrAPas', 'width': 4128}]",https://www.google.com/maps/?q=place_id:ChIJdxGpjvus0kwRFxTsMPazjHk
OPERATIONAL,"{'location': {'lat': 44.2342622, 'lng': -76.5235519}, 'viewport': {'northeast': {'lat': 44.23580512989272, 'lng': -76.52221642010728}, 'southwest': {'lat': 44.23310547010728, 'lng': -76.52491607989273}}}",https://maps.gstatic.com/mapfiles/place_api/icons/v1/png_71/school-71.png,#7B9EB0,https://maps.gstatic.com/mapfiles/place_api/icons/v2/school_pinlet,Saint Thomas More Catholic School,{'open_now': False},ChIJEfTqvnmr0kwRtIz4LPtk63A,"{'compound_code': '6FMG+PH Kingston, Ontario', 'global_code': '87P56FMG+PH'}",4.2,ChIJEfTqvnmr0kwRtIz4LPtk63A,GOOGLE,"['school', 'point_of_interest', 'establishment']",5,"234 Norman Rogers Dr, Kingston","[{'height': 3036, 'html_attributions': ['<a href=""https://maps.google.com/maps/contrib/112064457219909067727"">Simon Handley</a>'], 'photo_reference': 'Aap_uEBGwEb2S1gNDMFGVRZRs5YV2gOdwI9DOUqZjxgEKbbpxAwEhenK5eJtDMhYF-_FM1-jVq11GJxlwT8UMoH2lYKxFlm-5AZGqFth129PG2F0HpkZaewlknV8vVQRgyWCKJGZegrbtwWZw74VF8XPCwPecbrrNQbb8dIuUsdad6-aOn3A', 'width': 4048}]",https://www.google.com/maps/?q=place_id:ChIJEfTqvnmr0kwRtIz4LPtk63A
OPERATIONAL,"{'location': {'lat': 44.2292324, 'lng': -76.5752834}, 'viewport': {'northeast': {'lat': 44.23052577989272, 'lng': -76.57370622010728}, 'southwest': {'lat': 44.22782612010727, 'lng': -76.57640587989272}}}",https://maps.gstatic.com/mapfiles/place_api/icons/v1/png_71/school-71.png,#7B9EB0,https://maps.gstatic.com/mapfiles/place_api/icons/v2/school_pinlet,JR Henderson Public School,,ChIJNwGDu8Ks0kwRxEcFP8kZtX4,"{'compound_code': '6CHF+MV Kingston, Ontario', 'global_code': '87P56CHF+MV'}",3.6,ChIJNwGDu8Ks0kwRxEcFP8kZtX4,GOOGLE,"['school', 'point_of_interest', 'establishment']",10,"361 Roosevelt Dr, Kingston","[{'height': 3264, 'html_attributions': ['<a href=""https://maps.google.com/maps/contrib/103350546234421264361"">Cordelia Brown</a>'], 'photo_reference': 'Aap_uEB2dhQrdU7lHrMD9q7dyjYjrpiU-REhrvQR8blVrmVyZocvBqe5Htv-s3xGxYXPs1Y-K7eWW8stkTSbVgQGz_eTMCto2rG182iSDzto-dE4Vpqm0iAXXSsBuAu_rNJApvsABphISJcWvbNsmdAkHS377MZ0aox5c4Zof37FOsKAsfN1', 'width': 1836}]",https://www.google.com/maps/?q=place_id:ChIJNwGDu8Ks0kwRxEcFP8kZtX4
OPERATIONAL,"{'location': {'lat': 44.26502000000001, 'lng': -76.448379}, 'viewport': {'northeast': {'lat': 44.26649792989272, 'lng': -76.44710342010728}, 'southwest': {'lat': 44.26379827010728, 'lng': -76.44980307989272}}}",https://maps.gstatic.com/mapfiles/place_api/icons/v1/png_71/school-71.png,#7B9EB0,https://maps.gstatic.com/mapfiles/place_api/icons/v2/school_pinlet,Saint Martha Catholic School,{'open_now': False},ChIJibmseyCq0kwRuHx8_JCoLYg,"{'compound_code': '7H82+2J Kingston, Ontario', 'global_code': '87P57H82+2J'}",2.6,ChIJibmseyCq0kwRuHx8_JCoLYg,GOOGLE,"['school', 'point_of_interest', 'establishment']",8,"455 St Martha St, Kingston","[{'height': 3024, 'html_attributions': ['<a href=""https://maps.google.com/maps/contrib/113664309233820834071"">A Google User</a>'], 'photo_reference': 'Aap_uED3PGccG6GqCXMZXblzGZoxme2D5BCXtCTpNlHrt3OdAxsfqgj0EaX8ZNWTHUouYSXSTcC0qjv0wvVuXsgUbFlosiz63mMLbHA64oUE3Bq48vPMf-gZzilFto1s5QgOBpb7J12pn4out4n57t5YkUI5gwRpSaBNCs_Szc7AGjYJyegS', 'width': 4032}]",https://www.google.com/maps/?q=place_id:ChIJibmseyCq0kwRuHx8_JCoLYg
OPERATIONAL,"{'location': {'lat': 44.2311676, 'lng': -76.4858938}, 'viewport': {'northeast': {'lat': 44.23252147989272, 'lng': -76.48456887010728}, 'southwest': {'lat': 44.22982182010728, 'lng': -76.48726852989273}}}",https://maps.gstatic.com/mapfiles/place_api/icons/v1/png_71/school-71.png,#7B9EB0,https://maps.gstatic.com/mapfiles/place_api/icons/v2/school_pinlet,Limestone Board-Education,{'open_now': False},ChIJ_WZQ0P-q0kwRhUc6OTQc94I,"{'compound_code': '6GJ7+FJ Kingston, Ontario', 'global_code': '87P56GJ7+FJ'}",0.0,ChIJ_WZQ0P-q0kwRhUc6OTQc94I,GOOGLE,"['school', 'point_of_interest', 'establishment']",0,"2 Montreal St, Kingston",,https://www.google.com/maps/?q=place_id:ChIJ_WZQ0P-q0kwRhUc6OTQc94I
OPERATIONAL,"{'location': {'lat': 44.22244449999999, 'lng': -76.5795108}, 'viewport': {'northeast': {'lat': 44.22372417989271, 'lng': -76.57838867010729}, 'southwest': {'lat': 44.22102452010727, 'lng': -76.58108832989272}}}",https://maps.gstatic.com/mapfiles/place_api/icons/v1/png_71/school-71.png,#7B9EB0,https://maps.gstatic.com/mapfiles/place_api/icons/v2/school_pinlet,Welborne Avenue Public School,{'open_now': False},ChIJMXSTWNys0kwRI0DfnWKDlP4,"{'compound_code': '6CCC+X5 Kingston, Ontario', 'global_code': '87P56CCC+X5'}",5.0,ChIJMXSTWNys0kwRI0DfnWKDlP4,GOOGLE,"['school', 'point_of_interest', 'establishment']",11,"190 Welborne Ave, Kingston",,https://www.google.com/maps/?q=place_id:ChIJMXSTWNys0kwRI0DfnWKDlP4
OPERATIONAL,"{'location': {'lat': 44.2561004, 'lng': -76.59632789999999}, 'viewport': {'northeast': {'lat': 44.25751602989273, 'lng': -76.59497232010726}, 'southwest': {'lat': 44.25481637010728, 'lng': -76.59767197989271}}}",https://maps.gstatic.com/mapfiles/place_api/icons/v1/png_71/school-71.png,#7B9EB0,https://maps.gstatic.com/mapfiles/place_api/icons/v2/school_pinlet,Lancaster Drive Public School,{'open_now': False},ChIJz5XzQL2t0kwRepbOqfc5n_g,"{'compound_code': '7C43+CF Kingston, Ontario', 'global_code': '87P57C43+CF'}",3.6,ChIJz5XzQL2t0kwRepbOqfc5n_g,GOOGLE,"['school', 'point_of_interest', 'establishment']",18,"1020 Lancaster Dr, Kingston","[{'height': 4032, 'html_attributions': ['<a href=""https://maps.google.com/maps/contrib/114304541126456600892"">Ethan Silver</a>'], 'photo_reference': 'Aap_uEBuWKZiIB3l7shoTS7NQHKl-yGrNKJ2WS8zFLMV1U8t7jPgqSQaImbZdcXhjC2IZsgGBh1TCitxBcE1x9TzqM7ArinM011T0PkZwiB_2-6MeeCUJWPhPP_tVjmOJjUhJDq6PJyPsnUfFrQN4__gArQ4Ryddb-2y1L7FnTjPmbvv1tJ8', 'width': 3024}]",https://www.google.com/maps/?q=place_id:ChIJz5XzQL2t0kwRepbOqfc5n_g
OPERATIONAL,"{'location': {'lat': 44.2218395, 'lng': -76.52080219999999}, 'viewport': {'northeast': {'lat': 44.22306947989272, 'lng': -76.51943912010728}, 'southwest': {'lat': 44.22036982010728, 'lng': -76.52213877989273}}}",https://maps.gstatic.com/mapfiles/place_api/icons/v1/png_71/school-71.png,#7B9EB0,https://maps.gstatic.com/mapfiles/place_api/icons/v2/school_pinlet,Quintilian School,{'open_now': False},ChIJbxenCYmr0kwRZPsgaDWU4tM,"{'compound_code': '6FCH+PM Kingston, Ontario', 'global_code': '87P56FCH+PM'}",4.4,ChIJbxenCYmr0kwRZPsgaDWU4tM,GOOGLE,"['school', 'point_of_interest', 'establishment']",5,"41 Baiden St, Kingston",,https://www.google.com/maps/?q=place_id:ChIJbxenCYmr0kwRZPsgaDWU4tM
OPERATIONAL,"{'location': {'lat': 44.2536812, 'lng': -76.50196679999999}, 'viewport': {'northeast': {'lat': 44.25512482989272, 'lng': -76.50079402010728}, 'southwest': {'lat': 44.25242517010728, 'lng': -76.50349367989271}}}",https://maps.gstatic.com/mapfiles/place_api/icons/v1/png_71/school-71.png,#7B9EB0,https://maps.gstatic.com/mapfiles/place_api/icons/v2/school_pinlet,Module Vanier,{'open_now': False},ChIJUQjnwgWr0kwR7QVHibHlt8o,"{'compound_code': '7F3X+F6 Kingston, Ontario', 'global_code': '87P57F3X+F6'}",4.4,ChIJUQjnwgWr0kwR7QVHibHlt8o,GOOGLE,"['school', 'point_of_interest', 'establishment']",7,"145 Kirkpatrick St, Kingston",,https://www.google.com/maps/?q=place_id:ChIJUQjnwgWr0kwR7QVHibHlt8o
OPERATIONAL,"{'location': {'lat': 44.2189714, 'lng': -76.5179067}, 'viewport': {'northeast': {'lat': 44.22036457989273, 'lng': -76.51662212010727}, 'southwest': {'lat': 44.21766492010728, 'lng': -76.51932177989272}}}",https://maps.gstatic.com/mapfiles/place_api/icons/v1/png_71/school-71.png,#7B9EB0,https://maps.gstatic.com/mapfiles/place_api/icons/v2/school_pinlet,Sempar School Inc,,ChIJ7ei8u2qr0kwRdZ_QtpXtkDQ,"{'compound_code': '6F9J+HR Kingston, Ontario', 'global_code': '87P56F9J+HR'}",0.0,ChIJ7ei8u2qr0kwRdZ_QtpXtkDQ,GOOGLE,"['school', 'point_of_interest', 'establishment']",0,Kingston,,https://www.google.com/maps/?q=place_id:ChIJ7ei8u2qr0kwRdZ_QtpXtkDQ
OPERATIONAL,"{'location': {'lat': 44.2409984, 'lng': -76.4898754}, 'viewport': {'northeast': {'lat': 44.24236652989272, 'lng': -76.48841027010728}, 'southwest': {'lat': 44.23966687010728, 'lng': -76.49110992989273}}}",https://maps.gstatic.com/mapfiles/place_api/icons/v1/png_71/school-71.png,#7B9EB0,https://maps.gstatic.com/mapfiles/place_api/icons/v2/school_pinlet,Open Book,,ChIJ8YPfXa6r0kwR7_7yMpAllzE,"{'compound_code': '6GR6+92 Kingston, Ontario', 'global_code': '87P56GR6+92'}",5.0,ChIJ8YPfXa6r0kwR7_7yMpAllzE,GOOGLE,"['school', 'point_of_interest', 'establishment']",1,"559 Bagot St, Kingston",,https://www.google.com/maps/?q=place_id:ChIJ8YPfXa6r0kwR7_7yMpAllzE
OPERATIONAL,"{'location': {'lat': 44.2676794, 'lng': -76.5793126}, 'viewport': {'northeast': {'lat': 44.26902022989272, 'lng': -76.57799287010728}, 'southwest': {'lat': 44.26632057010728, 'lng': -76.58069252989272}}}",https://maps.gstatic.com/mapfiles/place_api/icons/v1/png_71/school-71.png,#7B9EB0,https://maps.gstatic.com/mapfiles/place_api/icons/v2/school_pinlet,Cataraqui Woods Elementary School,{'open_now': False},ChIJSW4eQMWt0kwR5s0Zl1Dige8,"{'compound_code': '7C9C+37 Kingston, Ontario', 'global_code': '87P57C9C+37'}",3.4,ChIJSW4eQMWt0kwR5s0Zl1Dige8,GOOGLE,"['primary_school', 'school', 'point_of_interest', 'establishment']",11,"1255 Birchwood Dr, Kingston",,https://www.google.com/maps/?q=place_id:ChIJSW4eQMWt0kwR5s0Zl1Dige8
OPERATIONAL,"{'location': {'lat': 44.3288167, 'lng': -76.38274539999999}, 'viewport': {'northeast': {'lat': 44.33016652989272, 'lng': -76.38139557010726}, 'southwest': {'lat': 44.32746687010728, 'lng': -76.38409522989271}}}",https://maps.gstatic.com/mapfiles/place_api/icons/v1/png_71/school-71.png,#7B9EB0,https://maps.gstatic.com/mapfiles/place_api/icons/v2/school_pinlet,La Salle Intermediate & Secondary School,{'open_now': False},ChIJKfP63hBWzUwR6JrPKqFXhAc,"{'compound_code': '8JH8+GW Kingston, Ontario', 'global_code': '87P58JH8+GW'}",3.5,ChIJKfP63hBWzUwR6JrPKqFXhAc,GOOGLE,"['school', 'secondary_school', 'point_of_interest', 'establishment']",15,"773 ON-15, Kingston","[{'height': 3024, 'html_attributions': ['<a href=""https://maps.google.com/maps/contrib/107638891969409046083"">A Google User</a>'], 'photo_reference': 'Aap_uEDUhpxKHorIK70aD_LoF4c7uwUI2NwMIorSUjqnU0-hTV3ONX9aqCYws16xdcUfucK9fRLw22soCHSObJvEJK4kNu3UOJHNevek5XAMuW_Am-Kpv24A1lKEByVbT6bMN2mJfbKypCu0Q4k2vVWK8RXdt6Y_wEYDFyLqyhSR878H3T68', 'width': 4032}]",https://www.google.com/maps/?q=place_id:ChIJKfP63hBWzUwR6JrPKqFXhAc
OPERATIONAL,"{'location': {'lat': 44.2536709, 'lng': -76.48710070000001}, 'viewport': {'northeast': {'lat': 44.25502072989272, 'lng': -76.48575087010728}, 'southwest': {'lat': 44.25232107010727, 'lng': -76.48845052989273}}}",https://maps.gstatic.com/mapfiles/place_api/icons/v1/png_71/school-71.png,#7B9EB0,https://maps.gstatic.com/mapfiles/place_api/icons/v2/school_pinlet,Bob’s School,,ChIJm5NLugCr0kwRuSavo6WKqK0,"{'compound_code': '7G37+F5 Kingston, Ontario', 'global_code': '87P57G37+F5'}",0.0,ChIJm5NLugCr0kwRuSavo6WKqK0,GOOGLE,"['school', 'point_of_interest', 'establishment']",0,Kingston,,https://www.google.com/maps/?q=place_id:ChIJm5NLugCr0kwRuSavo6WKqK0
OPERATIONAL,"{'location': {'lat': 44.2252254, 'lng': -76.63950559999999}, 'viewport': {'northeast': {'lat': 44.22665362989272, 'lng': -76.63766627010727}, 'southwest': {'lat': 44.22395397010728, 'lng': -76.64036592989271}}}",https://maps.gstatic.com/mapfiles/place_api/icons/v1/png_71/school-71.png,#7B9EB0,https://maps.gstatic.com/mapfiles/place_api/icons/v2/school_pinlet,Amherstview Public School,{'open_now': False},ChIJJVYgsqey0kwRe6Rv3OmYZYY,"{'compound_code': '69G6+35 Amherstview, Loyalist, ON', 'global_code': '87P569G6+35'}",4.7,ChIJJVYgsqey0kwRe6Rv3OmYZYY,GOOGLE,"['school', 'point_of_interest', 'establishment']",7,"70 Fairfield Blvd, Amherstview","[{'height': 5184, 'html_attributions': ['<a href=""https://maps.google.com/maps/contrib/118183401716449322692"">A Google User</a>'], 'photo_reference': 'Aap_uEAfRTzgLorA7dZANSKrj8aQrx3SdsveBC8CXcsORavHf-TAnxJeaRMdX9tXu1ZlxoO_WLQptuIHmdctN4SWnwb9yEvFLSPnpIovUtLDUFrRvcPTKjUAIv1NpmnQLQyi3KPOA6jX2Oo49NH_heauEqUwfgfBUn4-gjXhQwYfLrEo_fAk', 'width': 3456}]",https://www.google.com/maps/?q=place_id:ChIJJVYgsqey0kwRe6Rv3OmYZYY
OPERATIONAL,"{'location': {'lat': 44.2281747, 'lng': -76.4977329}, 'viewport': {'northeast': {'lat': 44.22929127989271, 'lng': -76.49628802010729}, 'southwest': {'lat': 44.22659162010727, 'lng': -76.49898767989272}}}",https://maps.gstatic.com/mapfiles/place_api/icons/v1/png_71/school-71.png,#7B9EB0,https://maps.gstatic.com/mapfiles/place_api/icons/v2/school_pinlet,Smith School of Business at Queen's University,,ChIJn1hWsAWr0kwRuAEp4u5u9hA,"{'compound_code': '6GH2+7W Kingston, Ontario', 'global_code': '87P56GH2+7W'}",4.7,ChIJn1hWsAWr0kwRuAEp4u5u9hA,GOOGLE,"['university', 'point_of_interest', 'establishment']",36,"Goodes Hall, 143 Union St, Kingston","[{'height': 2592, 'html_attributions': ['<a href=""https://maps.google.com/maps/contrib/104902230921426964507"">Reza Aalaeifar</a>'], 'photo_reference': 'Aap_uEBiCT7tIfQUFx8_3B969z7-xQCOt2awuY2Q4r2H2VmvskazYtG0Cv5A7v3_xRH5GPH66lsYcDH1B6zvSCIxktUmxXEismc7vo4w7eItSlyqPOO9fATQIiJAExVi1Hv1n1LuEoN5yWjOmPOnhurZRK3SCDDy7x9ZXT2UwDPbtvkfZXMz', 'width': 4608}]",https://www.google.com/maps/?q=place_id:ChIJn1hWsAWr0kwRuAEp4u5u9hA
OPERATIONAL,"{'location': {'lat': 44.2298862, 'lng': -76.5257022}, 'viewport': {'northeast': {'lat': 44.23136427989272, 'lng': -76.52437292010728}, 'southwest': {'lat': 44.22866462010727, 'lng': -76.52707257989272}}}",https://maps.gstatic.com/mapfiles/place_api/icons/v1/png_71/school-71.png,#7B9EB0,https://maps.gstatic.com/mapfiles/place_api/icons/v2/school_pinlet,Kingston French Montessori School - Une École Pour Tous,{'open_now': False},ChIJxz2b5Xqr0kwRxf3TfQjQZm4,"{'compound_code': '6FHF+XP Kingston, Ontario', 'global_code': '87P56FHF+XP'}",5.0,ChIJxz2b5Xqr0kwRxf3TfQjQZm4,GOOGLE,"['school', 'point_of_interest', 'establishment']",3,"1134 Johnson St, Kingston",,https://www.google.com/maps/?q=place_id:ChIJxz2b5Xqr0kwRxf3TfQjQZm4
OPERATIONAL,"{'location': {'lat': 44.26878989999999, 'lng': -76.6206199}, 'viewport': {'northeast': {'lat': 44.26989227989272, 'lng': -76.61926617010728}, 'southwest': {'lat': 44.26719262010727, 'lng': -76.62196582989272}}}",https://maps.gstatic.com/mapfiles/place_api/icons/v1/png_71/school-71.png,#7B9EB0,https://maps.gstatic.com/mapfiles/place_api/icons/v2/school_pinlet,W.J. Holsgrove Public School,,ChIJHSZaXAuy0kwRAEMHLh_B04w,"{'compound_code': '799H+GQ Kingston, Ontario', 'global_code': '87P5799H+GQ'}",2.0,ChIJHSZaXAuy0kwRAEMHLh_B04w,GOOGLE,"['school', 'point_of_interest', 'establishment']",1,"1414 Sproule St, Kingston",,https://www.google.com/maps/?q=place_id:ChIJHSZaXAuy0kwRAEMHLh_B04w
OPERATIONAL,"{'location': {'lat': 44.2241836, 'lng': -76.5138046}, 'viewport': {'northeast': {'lat': 44.22530162989272, 'lng': -76.51243517010727}, 'southwest': {'lat': 44.22260197010728, 'lng': -76.51513482989272}}}",https://maps.gstatic.com/mapfiles/place_api/icons/v1/png_71/school-71.png,#7B9EB0,https://maps.gstatic.com/mapfiles/place_api/icons/v2/school_pinlet,Queen's School of English,,ChIJY0-j2hqr0kwRpok3_P8-KRE,"{'compound_code': '6FFP+MF Kingston, Ontario', 'global_code': '87P56FFP+MF'}",4.5,ChIJY0-j2hqr0kwRpok3_P8-KRE,GOOGLE,"['university', 'point_of_interest', 'establishment']",2,"511 Union St, Kingston","[{'height': 3096, 'html_attributions': ['<a href=""https://maps.google.com/maps/contrib/115552651599011550531"">Nathan Han</a>'], 'photo_reference': 'Aap_uEA1olgeNyq_agQxSCNPoNF7AlHLtpeBnaWspG-2qoekvKKUbImZQM5kkMwLL0hWGH5LB3ddzmoDAujl99r1II46vW8Rlcd7mR1PHw2DRtI_FwbwFVf_QLwz5Yvo8pU-Fj_wtUtggw6DnzsGykn_Q95U4nf5tNR4b2lddmrwcfNXNugH', 'width': 4128}]",https://www.google.com/maps/?q=place_id:ChIJY0-j2hqr0kwRpok3_P8-KRE
OPERATIONAL,"{'location': {'lat': 44.2556944, 'lng': -76.59789769999999}, 'viewport': {'northeast': {'lat': 44.25705007989273, 'lng': -76.59616097010726}, 'southwest': {'lat': 44.25435042010728, 'lng': -76.59886062989271}}}",https://maps.gstatic.com/mapfiles/place_api/icons/v1/png_71/school-71.png,#7B9EB0,https://maps.gstatic.com/mapfiles/place_api/icons/v2/school_pinlet,Mother Teresa Catholic Elementary School,,ChIJnegxmQ6y0kwR0_BvFPPYJqs,"{'compound_code': '7C42+7R Kingston, Ontario', 'global_code': '87P57C42+7R'}",3.4,ChIJnegxmQ6y0kwR0_BvFPPYJqs,GOOGLE,"['school', 'point_of_interest', 'establishment']",5,"1044 Lancaster Dr, Kingston",,https://www.google.com/maps/?q=place_id:ChIJnegxmQ6y0kwR0_BvFPPYJqs
OPERATIONAL,"{'location': {'lat': 44.2578887, 'lng': -76.59664149999999}, 'viewport': {'northeast': {'lat': 44.25953497989272, 'lng': -76.59493307010727}, 'southwest': {'lat': 44.25683532010728, 'lng': -76.59763272989271}}}",https://maps.gstatic.com/mapfiles/place_api/icons/v1/png_71/school-71.png,#7B9EB0,https://maps.gstatic.com/mapfiles/place_api/icons/v2/school_pinlet,Holy Cross Secondary School,{'open_now': False},ChIJx0GfTZat0kwRm7nwaRqH0Go,"{'compound_code': '7C53+58 Kingston, Ontario', 'global_code': '87P57C53+58'}",3.4,ChIJx0GfTZat0kwRm7nwaRqH0Go,GOOGLE,"['secondary_school', 'school', 'point_of_interest', 'establishment']",28,"1085 Woodbine Rd, Kingston",,https://www.google.com/maps/?q=place_id:ChIJx0GfTZat0kwRm7nwaRqH0Go
OPERATIONAL,"{'location': {'lat': 44.2695908, 'lng': -76.48689949999999}, 'viewport': {'northeast': {'lat': 44.27108407989272, 'lng': -76.48569642010727}, 'southwest': {'lat': 44.26838442010727, 'lng': -76.48839607989271}}}",https://maps.gstatic.com/mapfiles/place_api/icons/v1/png_71/school-71.png,#7B9EB0,https://maps.gstatic.com/mapfiles/place_api/icons/v2/school_pinlet,École élémentaire catholique Mgr-Rémi-Gaulin,{'open_now': False},ChIJpVTQS9-r0kwR6SrQ1wGSe80,"{'compound_code': '7G97+R6 Kingston, Ontario', 'global_code': '87P57G97+R6'}",5.0,ChIJpVTQS9-r0kwR6SrQ1wGSe80,GOOGLE,"['primary_school', 'school', 'point_of_interest', 'establishment']",1,"51 Virginia St, Kingston","[{'height': 3264, 'html_attributions': ['<a href=""https://maps.google.com/maps/contrib/101541517944009031323"">A Google User</a>'], 'photo_reference': 'Aap_uEAEnS8HiTGaDZfN9QWz0NlyIdteejMhuDbWabLP7UjaLRAy5ZP__wSaWVOZ8BYV5F3ZVBxKd3IxJPlG2wv3eR64-WCwVmoYLwmnsMxMyYpuiWMJguePM7suE9N03_ycisX-UXrHhT4lDfw7jDqvqOjJp6vkaP5ESPASrY1tUY13rdWI', 'width': 4928}]",https://www.google.com/maps/?q=place_id:ChIJpVTQS9-r0kwR6SrQ1wGSe80
OPERATIONAL,"{'location': {'lat': 44.2376324, 'lng': -76.50292189999999}, 'viewport': {'northeast': {'lat': 44.23893032989272, 'lng': -76.50161412010728}, 'southwest': {'lat': 44.23623067010728, 'lng': -76.50431377989273}}}",https://maps.gstatic.com/mapfiles/place_api/icons/v1/png_71/school-71.png,#7B9EB0,https://maps.gstatic.com/mapfiles/place_api/icons/v2/school_pinlet,Kingston School of Art & Window Art Gallery,{'open_now': False},ChIJC3tUJqGr0kwRYNVP-FujTW0,"{'compound_code': '6FQW+3R Kingston, Ontario', 'global_code': '87P56FQW+3R'}",5.0,ChIJC3tUJqGr0kwRYNVP-FujTW0,GOOGLE,"['art_gallery', 'school', 'point_of_interest', 'establishment']",1,"647a Princess St, Kingston","[{'height': 2550, 'html_attributions': ['<a href=""https://maps.google.com/maps/contrib/106680310029310960712"">A Google User</a>'], 'photo_reference': 'Aap_uEB14IPLc5kR8EFTM9iGinTpcZh7IzyKFFs7bbNxvqUCida513ldqKCBXMb4Y1-jgdO9JP4gPG3IxzKMFpi-Fo-_2eCJt6iITZLydXjTPnCA05EF0patqmTBG9imMPfJlPWuZs2bQI-vivFz0n9U1pv69kTN-Dsevlr4jZxTSt7H18fF', 'width': 3300}]",https://www.google.com/maps/?q=place_id:ChIJC3tUJqGr0kwRYNVP-FujTW0
OPERATIONAL,"{'location': {'lat': 44.2463514, 'lng': -76.6039459}, 'viewport': {'northeast': {'lat': 44.24754382989273, 'lng': -76.60292642010728}, 'southwest': {'lat': 44.24484417010728, 'lng': -76.60562607989272}}}",https://maps.gstatic.com/mapfiles/place_api/icons/v1/png_71/school-71.png,#7B9EB0,https://maps.gstatic.com/mapfiles/place_api/icons/v2/school_pinlet,St-John XXIII Catholic School,,ChIJmXZacHWt0kwR4mgN6fC6Vb4,"{'compound_code': '69WW+GC Kingston, Ontario', 'global_code': '87P569WW+GC'}",3.8,ChIJmXZacHWt0kwR4mgN6fC6Vb4,GOOGLE,"['school', 'point_of_interest', 'establishment']",6,"736 High Gate Park Dr, Kingston",,https://www.google.com/maps/?q=place_id:ChIJmXZacHWt0kwR4mgN6fC6Vb4
OPERATIONAL,"{'location': {'lat': 44.2165744, 'lng': -76.5695866}, 'viewport': {'northeast': {'lat': 44.21795232989273, 'lng': -76.56767882010728}, 'southwest': {'lat': 44.21525267010728, 'lng': -76.57037847989271}}}",https://maps.gstatic.com/mapfiles/place_api/icons/v1/png_71/school-71.png,#7B9EB0,https://maps.gstatic.com/mapfiles/place_api/icons/v2/school_pinlet,R. G. Sinclair Public School,{'open_now': False},ChIJgW7NCMes0kwR9j0WxVQxSH4,"{'compound_code': '6C8J+J5 Kingston, Ontario', 'global_code': '87P56C8J+J5'}",4.2,ChIJgW7NCMes0kwR9j0WxVQxSH4,GOOGLE,"['school', 'point_of_interest', 'establishment']",6,"19 Crerar Blvd, Kingston",,https://www.google.com/maps/?q=place_id:ChIJgW7NCMes0kwR9j0WxVQxSH4
