business_status,geometry,icon,icon_background_color,icon_mask_base_uri,name,opening_hours,photos,place_id,plus_code,rating,reference,scope,types,user_ratings_total,vicinity,price_level,permanently_closed,url
OPERATIONAL,"{'location': {'lat': 44.2358199, 'lng': -76.490152}, 'viewport': {'northeast': {'lat': 44.23716972989272, 'lng': -76.48880217010726}, 'southwest': {'lat': 44.23447007010728, 'lng': -76.49150182989271}}}",https://maps.gstatic.com/mapfiles/place_api/icons/v1/png_71/shopping-71.png,#4B96F3,https://maps.gstatic.com/mapfiles/place_api/icons/v2/shoppingcart_pinlet,The Store Famous,{'open_now': False},"[{'height': 2448, 'html_attributions': ['<a href=""https://maps.google.com/maps/contrib/115116117862464734018"">baptiste vaesken</a>'], 'photo_reference': 'Aap_uEA5YUhutc4aP4Ogo28z1LRlLJHc1Wh1M5mtwV8N0LkEQwCJ-XBxrPiimnltJ-fkiUIfHK8SVuhTuFYF_ZzQGttaweO7eYlTOmEY_MqXECaxlkWC1Gk27oCosGcEeeu9At9vwFomWQ4nZGkpG8PC2RyTcwJxsUe99A6HNBcpnt_Zywx6', 'width': 3264}]",ChIJ32MWK6qr0kwRqcqTvXuH3rk,"{'compound_code': '6GP5+8W Kingston, Ontario', 'global_code': '87P56GP5+8W'}",4.6,ChIJ32MWK6qr0kwRqcqTvXuH3rk,GOOGLE,"['grocery_or_supermarket', 'food', 'point_of_interest', 'store', 'establishment']",59,"406 Barrie St, Kingston",,,https://www.google.com/maps/?q=place_id:ChIJ32MWK6qr0kwRqcqTvXuH3rk
OPERATIONAL,"{'location': {'lat': 44.2431943, 'lng': -76.4905411}, 'viewport': {'northeast': {'lat': 44.24466477989272, 'lng': -76.48916902010728}, 'southwest': {'lat': 44.24196512010727, 'lng': -76.49186867989273}}}",https://maps.gstatic.com/mapfiles/place_api/icons/v1/png_71/shopping-71.png,#4B96F3,https://maps.gstatic.com/mapfiles/place_api/icons/v2/convenience_pinlet,David's Convenience Store,{'open_now': False},,ChIJAadSLrCr0kwRab_XrdnETnk,"{'compound_code': '6GV5+7Q Kingston, Ontario', 'global_code': '87P56GV5+7Q'}",3.1,ChIJAadSLrCr0kwRab_XrdnETnk,GOOGLE,"['convenience_store', 'food', 'point_of_interest', 'store', 'establishment']",21,"72 Thomas St, Kingston",,,https://www.google.com/maps/?q=place_id:ChIJAadSLrCr0kwRab_XrdnETnk
OPERATIONAL,"{'location': {'lat': 44.239496, 'lng': -76.494573}, 'viewport': {'northeast': {'lat': 44.24074222989272, 'lng': -76.49323332010727}, 'southwest': {'lat': 44.23804257010728, 'lng': -76.49593297989271}}}",https://maps.gstatic.com/mapfiles/place_api/icons/v1/png_71/shopping-71.png,#4B96F3,https://maps.gstatic.com/mapfiles/place_api/icons/v2/convenience_pinlet,Division Street Market,{'open_now': False},"[{'height': 4032, 'html_attributions': ['<a href=""https://maps.google.com/maps/contrib/118369996554127510437"">A Google User</a>'], 'photo_reference': 'Aap_uEBZTitDVMSc3tH6NkT-zyDkkfrSrR0EoZP9HTkknKR1htSbJkbpKcpl8KobwuDUOt7_ohSqKjM9hkt891qexahA2-Mxop_hacVURq6u6UamtOpzFHNE2ih4u-YqKs5YodGZXw9-WKZESln4RcYw0US617hazbH_gb7dDxSULMvCE3mX', 'width': 3024}]",ChIJRRgDWa-r0kwRWCvaQ_stSXQ,"{'compound_code': '6GQ4+Q5 Kingston, Ontario', 'global_code': '87P56GQ4+Q5'}",4.1,ChIJRRgDWa-r0kwRWCvaQ_stSXQ,GOOGLE,"['convenience_store', 'food', 'point_of_interest', 'store', 'establishment']",21,"370 Division St, Kingston",,,https://www.google.com/maps/?q=place_id:ChIJRRgDWa-r0kwRWCvaQ_stSXQ
OPERATIONAL,"{'location': {'lat': 44.2404181, 'lng': -76.5139269}, 'viewport': {'northeast': {'lat': 44.24187547989273, 'lng': -76.51287652010727}, 'southwest': {'lat': 44.23917582010728, 'lng': -76.51557617989272}}}",https://maps.gstatic.com/mapfiles/place_api/icons/v1/png_71/shopping-71.png,#4B96F3,https://maps.gstatic.com/mapfiles/place_api/icons/v2/convenience_pinlet,Quickie,{'open_now': True},"[{'height': 3024, 'html_attributions': ['<a href=""https://maps.google.com/maps/contrib/107954069666432731587"">Chris MacPhee</a>'], 'photo_reference': 'Aap_uEDgTUYn9KpQX3wUuPu_OFmnAFY8p2ZKX0svTXtUng-SIVNBP0b7yx-W8y7edJJYGvc-PCKtkhLERtC4tT1-7VLJoPHVjIZVrF7az-Dp1VxQDpFYB7f4t1siy4xY0_Vuq0f7Js-bi2Q3r424uKt80g891vfHIjpQNB8inR4gO8wFBTcD', 'width': 4032}]",ChIJu3ZrEpyr0kwRP8LSUGUDyEo,"{'compound_code': '6FRP+5C Kingston, Ontario', 'global_code': '87P56FRP+5C'}",4.1,ChIJu3ZrEpyr0kwRP8LSUGUDyEo,GOOGLE,"['convenience_store', 'food', 'point_of_interest', 'store', 'establishment']",9,"56 Bath Rd, Kingston",,,https://www.google.com/maps/?q=place_id:ChIJu3ZrEpyr0kwRP8LSUGUDyEo
OPERATIONAL,"{'location': {'lat': 44.2359337, 'lng': -76.4839791}, 'viewport': {'northeast': {'lat': 44.23723387989272, 'lng': -76.48264102010728}, 'southwest': {'lat': 44.23453422010728, 'lng': -76.48534067989272}}}",https://maps.gstatic.com/mapfiles/place_api/icons/v1/png_71/shopping-71.png,#4B96F3,https://maps.gstatic.com/mapfiles/place_api/icons/v2/convenience_pinlet,Cochrane's Grocery,{'open_now': False},"[{'height': 2448, 'html_attributions': ['<a href=""https://maps.google.com/maps/contrib/106140165888674168341"">murad bakhshi</a>'], 'photo_reference': 'Aap_uEDBHfRxePopJ37LckkBaYkVGrZM_0pOtX6A6A-pMO6wC32ha0uHsfhoq3uNpbNylQrnrBfoJi23JBIxP2nagTFjl3df8JDmYK_-L5bsM09KGl6THfA5mqY7y7EjgzoHr06ccs46soZmroz9LouZmnXQXhRULdZixzIPkTMMXBs4bPKP', 'width': 3264}]",ChIJX1Z4zlSq0kwRcC-5FTKjroA,"{'compound_code': '6GP8+9C Kingston, Ontario', 'global_code': '87P56GP8+9C'}",4.2,ChIJX1Z4zlSq0kwRcC-5FTKjroA,GOOGLE,"['convenience_store', 'food', 'point_of_interest', 'store', 'establishment']",11,"73 Bay St, Kingston",,,https://www.google.com/maps/?q=place_id:ChIJX1Z4zlSq0kwRcC-5FTKjroA
OPERATIONAL,"{'location': {'lat': 44.231839, 'lng': -76.485202}, 'viewport': {'northeast': {'lat': 44.23326157989272, 'lng': -76.48382652010727}, 'southwest': {'lat': 44.23056192010728, 'lng': -76.4865261798927}}}",https://maps.gstatic.com/mapfiles/place_api/icons/v1/png_71/shopping-71.png,#4B96F3,https://maps.gstatic.com/mapfiles/place_api/icons/v2/shopping_pinlet,Dollarama,{'open_now': False},"[{'height': 1080, 'html_attributions': ['<a href=""https://maps.google.com/maps/contrib/104126299586581143103"">Megan Lawrence</a>'], 'photo_reference': 'Aap_uEB_eUiIViR_Hxx8fbs7vxLchOt2BUrzMarstbCdXMcQA_ad8GlMcFYAOEQg0wqPHbjTZYLU7Wof8Jvy0G8x5v9qaj8RzrjiS0h7vPXyjaBOMVhlq4jEtUt1poV2aEOXevVbulFco4_fdn-vbUfyAbX3S62SgwORKh0Sy90scH_JqrtX', 'width': 1920}]",ChIJXy1X6iOeLIgRZTjuFeWGYaI,"{'compound_code': '6GJ7+PW Kingston, Ontario', 'global_code': '87P56GJ7+PW'}",4.1,ChIJXy1X6iOeLIgRZTjuFeWGYaI,GOOGLE,"['point_of_interest', 'store', 'establishment']",603,"176 Princess St, Kingston",,,https://www.google.com/maps/?q=place_id:ChIJXy1X6iOeLIgRZTjuFeWGYaI
OPERATIONAL,"{'location': {'lat': 44.242829, 'lng': -76.518545}, 'viewport': {'northeast': {'lat': 44.24430947989273, 'lng': -76.51692787010728}, 'southwest': {'lat': 44.24160982010728, 'lng': -76.51962752989273}}}",https://maps.gstatic.com/mapfiles/place_api/icons/v1/png_71/shopping-71.png,#4B96F3,https://maps.gstatic.com/mapfiles/place_api/icons/v2/shoppingcart_pinlet,Loblaws,{'open_now': False},"[{'height': 3024, 'html_attributions': ['<a href=""https://maps.google.com/maps/contrib/115043206120224301662"">A Google User</a>'], 'photo_reference': 'Aap_uEBOVZTtW5bZQQBy3okLIxi9fd3jUzEBNZsdAMqI4YpfhfcUBSGUtdK10tcjQkbCKSWrItE7U1-SQC_JR5K86CYF6U_fBgdSRTz4d6G7V3TTfWeUoplqknIz0eBvnZx2tnt2sjxUs5Nzd-uwPqO_MA1ypCvYGId3KWGPUCkCRjhaCRR6', 'width': 4032}]",ChIJr_FcKZur0kwRPnjDTh9E7mU,"{'compound_code': '6FVJ+4H Kingston, Ontario', 'global_code': '87P56FVJ+4H'}",4.1,ChIJr_FcKZur0kwRPnjDTh9E7mU,GOOGLE,"['grocery_or_supermarket', 'pharmacy', 'bakery', 'food', 'health', 'point_of_interest', 'store', 'establishment']",1692,"1100 Princess St, Kingston",,,https://www.google.com/maps/?q=place_id:ChIJr_FcKZur0kwRPnjDTh9E7mU
OPERATIONAL,"{'location': {'lat': 44.2291371, 'lng': -76.48095909999999}, 'viewport': {'northeast': {'lat': 44.23045482989272, 'lng': -76.47956112010728}, 'southwest': {'lat': 44.22775517010728, 'lng': -76.48226077989273}}}",https://maps.gstatic.com/mapfiles/place_api/icons/v1/png_71/shopping-71.png,#4B96F3,https://maps.gstatic.com/mapfiles/place_api/icons/v2/convenience_pinlet,Circle K,{'open_now': True},"[{'height': 4032, 'html_attributions': ['<a href=""https://maps.google.com/maps/contrib/112225693398296878439"">S P</a>'], 'photo_reference': 'Aap_uEC7vC-eWtZlY74qP9k9cPwrvvEuZPZw0bZauTPuMNADixbBStYPHAGy2EoiQ1VtYdYDw3QWtRf0yZeeJc-5FFyA86r5gvTzXOhcOES0GqT7pb7ihOafGQZZzTv1LuJEbm11xCO4Dne-3CYuNICNtQoxWCqEdMVnDuVefPP3fHl1ZqY2', 'width': 1960}]",ChIJiSnmNvmq0kwR92exkMYIPJU,"{'compound_code': '6GH9+MJ Kingston, Ontario', 'global_code': '87P56GH9+MJ'}",3.7,ChIJiSnmNvmq0kwR92exkMYIPJU,GOOGLE,"['convenience_store', 'atm', 'meal_takeaway', 'finance', 'restaurant', 'food', 'point_of_interest', 'store', 'establishment']",17,"196 Ontario St, Kingston",,,https://www.google.com/maps/?q=place_id:ChIJiSnmNvmq0kwR92exkMYIPJU
OPERATIONAL,"{'location': {'lat': 44.2415425, 'lng': -76.5073809}, 'viewport': {'northeast': {'lat': 44.24273642989272, 'lng': -76.50593112010728}, 'southwest': {'lat': 44.24003677010728, 'lng': -76.50863077989273}}}",https://maps.gstatic.com/mapfiles/place_api/icons/v1/png_71/shopping-71.png,#4B96F3,https://maps.gstatic.com/mapfiles/place_api/icons/v2/convenience_pinlet,Merry Market,{'open_now': False},"[{'height': 3096, 'html_attributions': ['<a href=""https://maps.google.com/maps/contrib/100678416816615961218"">A Google User</a>'], 'photo_reference': 'Aap_uEAmgXP_VtbeIy8ubVCgQqdP03s_lMx5dsr4v2S0aRMq0sArV_1I4KrxJBzbDx9pHuW4iEwwsYAufz0pa3PNoUXt7kRGiAnRkCHngRs--H6ec9QgCoMvWuY0dHVQy8yBygmp1wdtAjKEJf3Aubw90ix5PwZVmfny6iAoJarZz1ncE97m', 'width': 4128}]",ChIJMySUvpir0kwRTW8XRrx-uzU,"{'compound_code': '6FRV+J2 Kingston, Ontario', 'global_code': '87P56FRV+J2'}",4.4,ChIJMySUvpir0kwRTW8XRrx-uzU,GOOGLE,"['convenience_store', 'food', 'point_of_interest', 'store', 'establishment']",12,"265 Concession St, Kingston",,,https://www.google.com/maps/?q=place_id:ChIJMySUvpir0kwRTW8XRrx-uzU
OPERATIONAL,"{'location': {'lat': 44.26571, 'lng': -76.49665800000001}, 'viewport': {'northeast': {'lat': 44.26714822989272, 'lng': -76.49541172010727}, 'southwest': {'lat': 44.26444857010728, 'lng': -76.49811137989272}}}",https://maps.gstatic.com/mapfiles/place_api/icons/v1/png_71/shopping-71.png,#4B96F3,https://maps.gstatic.com/mapfiles/place_api/icons/v2/shopping_pinlet,Dollarama,{'open_now': False},"[{'height': 2576, 'html_attributions': ['<a href=""https://maps.google.com/maps/contrib/116497104727133242316"">Ash Barmania</a>'], 'photo_reference': 'Aap_uECxM3v41bMEbO68MpoEyuI3IvxfX1Lh3CiQ6DA9fy08NTpTPzS2yPTScKol2JMLg4Ea_5fIjxBiEM7dIP79Tv6Zo53KTj1CmwI1xy3K4Y6oJurOaeKAebBcGpoJMVjn_mIqTQke0IT7UoDGBTEOBQjXIx4FX3A-kX9f2cmNS9J-YQHC', 'width': 1932}]",ChIJ_2qFN77LhVQR16UkvPVX08c,"{'compound_code': '7G83+78 Kingston, Ontario', 'global_code': '87P57G83+78'}",4.1,ChIJ_2qFN77LhVQR16UkvPVX08c,GOOGLE,"['point_of_interest', 'store', 'establishment']",520,"Kingslake Plaza, 1201 Division St, Kingston",,,https://www.google.com/maps/?q=place_id:ChIJ_2qFN77LhVQR16UkvPVX08c
OPERATIONAL,"{'location': {'lat': 44.24172009999999, 'lng': -76.4945022}, 'viewport': {'northeast': {'lat': 44.24316357989272, 'lng': -76.49321422010728}, 'southwest': {'lat': 44.24046392010727, 'lng': -76.49591387989271}}}",https://maps.gstatic.com/mapfiles/place_api/icons/v1/png_71/shopping-71.png,#4B96F3,https://maps.gstatic.com/mapfiles/place_api/icons/v2/convenience_pinlet,Circle K,{'open_now': True},"[{'height': 2988, 'html_attributions': ['<a href=""https://maps.google.com/maps/contrib/112662835829019699713"">Dominic Owens</a>'], 'photo_reference': 'Aap_uECFX7tVUrGLjSWIgxSjYOZYinBMTbelcw_jN8oCxQzmu6-AoiRxR57BdaasgL1g4rKGpG2BXwS47h2YZv7VBV6LnI1nwUPakWk4Lq9COJIqieMtTYX2U9hq_7_4SkdVXWLp8NC4oqAyDD_AhJ-eoVu3ALwDcieFnHnMsJVVy7iO409a', 'width': 5312}]",ChIJXYntbaWr0kwRJlv60c3Iz40,"{'compound_code': '6GR4+M5 Kingston, Ontario', 'global_code': '87P56GR4+M5'}",3.6,ChIJXYntbaWr0kwRJlv60c3Iz40,GOOGLE,"['convenience_store', 'atm', 'finance', 'food', 'point_of_interest', 'store', 'establishment']",20,"451 Division St, Kingston",1.0,,https://www.google.com/maps/?q=place_id:ChIJXYntbaWr0kwRJlv60c3Iz40
OPERATIONAL,"{'location': {'lat': 44.2205137, 'lng': -76.5196157}, 'viewport': {'northeast': {'lat': 44.22199572989273, 'lng': -76.51824712010728}, 'southwest': {'lat': 44.21929607010728, 'lng': -76.52094677989272}}}",https://maps.gstatic.com/mapfiles/place_api/icons/v1/png_71/shopping-71.png,#4B96F3,https://maps.gstatic.com/mapfiles/place_api/icons/v2/convenience_pinlet,King Mart,{'open_now': False},"[{'height': 1836, 'html_attributions': ['<a href=""https://maps.google.com/maps/contrib/118266891453038077386"">Hamburger !</a>'], 'photo_reference': 'Aap_uEAMkx4bJKJCrXWUaMl6NduJ0765mbJZqHFR7WtdLP1Z0slFd9SqbASS92YeNWRFPFpR8P-mHI3nEqw_tJevMtySD3n9iI4dudXOLke32R31LR_YGGgmbXpPWIl9p4xNa0lHYyuVOWoREQwQbZmRGJ6uGAPc64mfN5JVFUh-9Xum2DCD', 'width': 3264}]",ChIJFT3h48DDVkARinq8R_LnKtc,"{'compound_code': '6FCJ+65 Kingston, Ontario', 'global_code': '87P56FCJ+65'}",3.2,ChIJFT3h48DDVkARinq8R_LnKtc,GOOGLE,"['convenience_store', 'food', 'point_of_interest', 'store', 'establishment']",26,"684 King St W, Kingston",,,https://www.google.com/maps/?q=place_id:ChIJFT3h48DDVkARinq8R_LnKtc
OPERATIONAL,"{'location': {'lat': 44.2687231, 'lng': -76.48017999999999}, 'viewport': {'northeast': {'lat': 44.27008422989272, 'lng': -76.47867967010727}, 'southwest': {'lat': 44.26738457010728, 'lng': -76.48137932989272}}}",https://maps.gstatic.com/mapfiles/place_api/icons/v1/png_71/shopping-71.png,#4B96F3,https://maps.gstatic.com/mapfiles/place_api/icons/v2/shopping_pinlet,Family Mart,{'open_now': False},"[{'height': 1687, 'html_attributions': ['<a href=""https://maps.google.com/maps/contrib/104441261747087745367"">Devin Stewart</a>'], 'photo_reference': 'Aap_uEAQhXNgNGIa8MgziMPkvY5Kze3qR3VUl60ZVDRJ231ceLl5lOWHrEy25Zsw1lu_pMeFwLk_fDEzujRtl4T5VZ5vwWZdzEBvzk5248IEO8CnWvqJTB3o5WQww4NHk0jYFfRM5yAXB8fsbSXimhNVHW_VEcSpx7VjemmrmcX97uGokMeS', 'width': 2745}]",ChIJN4ffPNir0kwRywszvafJOrY,"{'compound_code': '7G99+FW Kingston, Ontario', 'global_code': '87P57G99+FW'}",4.2,ChIJN4ffPNir0kwRywszvafJOrY,GOOGLE,"['point_of_interest', 'store', 'establishment']",20,"105 Sutherland Dr, Kingston",,,https://www.google.com/maps/?q=place_id:ChIJN4ffPNir0kwRywszvafJOrY
OPERATIONAL,"{'location': {'lat': 44.2414771, 'lng': -76.5797308}, 'viewport': {'northeast': {'lat': 44.24273057989272, 'lng': -76.57851467010728}, 'southwest': {'lat': 44.24003092010727, 'lng': -76.58121432989273}}}",https://maps.gstatic.com/mapfiles/place_api/icons/v1/png_71/shopping-71.png,#4B96F3,https://maps.gstatic.com/mapfiles/place_api/icons/v2/convenience_pinlet,Bayridge Grocery,{'open_now': False},"[{'height': 3024, 'html_attributions': ['<a href=""https://maps.google.com/maps/contrib/113998985500026952351"">A Google User</a>'], 'photo_reference': 'Aap_uEDPJTXBK1aab0EuHuu0bIoRx3OQGjYAFjNV5h7tasWqbNp7z_7F_CMoXeY2Mcg0qLkQ_ZdBoBaGUApdVSTqeSvOVllzpIT_B3xyD2I_MBYThxonmcBF0Oui6m0gc0B13JC4m5sdtVEKSAZt70l3SkldK6BirUZaXNwcDTwwbPzNK1J1', 'width': 4032}]",ChIJv6qB6AGt0kwRQbj071ZUqLY,"{'compound_code': '6CRC+H4 Kingston, Ontario', 'global_code': '87P56CRC+H4'}",4.4,ChIJv6qB6AGt0kwRQbj071ZUqLY,GOOGLE,"['convenience_store', 'food', 'point_of_interest', 'store', 'establishment']",8,"842 Development Dr, Kingston",,,https://www.google.com/maps/?q=place_id:ChIJv6qB6AGt0kwRQbj071ZUqLY
OPERATIONAL,"{'location': {'lat': 44.257084, 'lng': -76.5721955}, 'viewport': {'northeast': {'lat': 44.25827337989272, 'lng': -76.57038802010726}, 'southwest': {'lat': 44.25557372010728, 'lng': -76.57308767989271}}}",https://maps.gstatic.com/mapfiles/place_api/icons/v1/png_71/shopping-71.png,#4B96F3,https://maps.gstatic.com/mapfiles/place_api/icons/v2/shopping_pinlet,Indigo - Kingston,{'open_now': False},"[{'height': 2592, 'html_attributions': ['<a href=""https://maps.google.com/maps/contrib/110711952395473277518"">Ethan Jenkins</a>'], 'photo_reference': 'Aap_uEBvG1jgZlkpJvXKDuw659181LMRVax2OVcouRb-bubrgGMhr9cqAFdbZ1pJXehAbYU91mLU4CvjluyKhJ68UF9PmaHmQOSXzcgw4FDoCGSE-rPLo3pUjLIQKTRx275-Ua5emSK936g6b9cZnqMs3lX58kBUWQ2RU0N0lmYnl3UZDdhL', 'width': 4608}]",ChIJ88MNpzKt0kwRfSg4NhU8YMc,"{'compound_code': '7C4H+R4 Kingston, Ontario', 'global_code': '87P57C4H+R4'}",4.2,ChIJ88MNpzKt0kwRfSg4NhU8YMc,GOOGLE,"['book_store', 'point_of_interest', 'store', 'establishment']",836,"945 Gardiners Rd Unit Y011, Kingston",,,https://www.google.com/maps/?q=place_id:ChIJ88MNpzKt0kwRfSg4NhU8YMc
OPERATIONAL,"{'location': {'lat': 44.241442, 'lng': -76.502234}, 'viewport': {'northeast': {'lat': 44.24279157989272, 'lng': -76.50095322010729}, 'southwest': {'lat': 44.24009192010728, 'lng': -76.50365287989273}}}",https://maps.gstatic.com/mapfiles/place_api/icons/v1/png_71/shopping-71.png,#4B96F3,https://maps.gstatic.com/mapfiles/place_api/icons/v2/convenience_pinlet,Quick Stop,{'open_now': False},"[{'height': 2448, 'html_attributions': ['<a href=""https://maps.google.com/maps/contrib/116462136470587012379"">Luke Laming</a>'], 'photo_reference': 'Aap_uEAg7-3G5eSQ6EJhSHjT5oZ_IBgZoWIIgorPv9uT99B3RQFw9xeus4AdGZUcpT_ifZFZj-j9GSFElWNvNxsY2kWOs5KKWiGMfaO-a7J-KdcHInuyGN3xiYOpNsVth_n8FNLRgfSeH3n0EkVbW3zqJp2irBFHggNuCLqmdpkopcGXxluL', 'width': 3264}]",ChIJgytapaOr0kwRGjpG7TSGIfw,"{'compound_code': '6FRX+H4 Kingston, Ontario', 'global_code': '87P56FRX+H4'}",4.8,ChIJgytapaOr0kwRGjpG7TSGIfw,GOOGLE,"['convenience_store', 'food', 'point_of_interest', 'store', 'establishment']",5,"155 Concession St, Kingston",,,https://www.google.com/maps/?q=place_id:ChIJgytapaOr0kwRGjpG7TSGIfw
OPERATIONAL,"{'location': {'lat': 44.2344015, 'lng': -76.4961129}, 'viewport': {'northeast': {'lat': 44.23584452989272, 'lng': -76.49466897010728}, 'southwest': {'lat': 44.23314487010727, 'lng': -76.49736862989272}}}",https://maps.gstatic.com/mapfiles/place_api/icons/v1/png_71/shopping-71.png,#4B96F3,https://maps.gstatic.com/mapfiles/place_api/icons/v2/convenience_pinlet,Circle K,{'open_now': True},"[{'height': 4032, 'html_attributions': ['<a href=""https://maps.google.com/maps/contrib/109629686061459246298"">A Google User</a>'], 'photo_reference': 'Aap_uECeHI17Bmh5vHloJbat_lAZaak3deSlsbJL-Cc7nNzJSxNP2t8tdLokzukCHkJKd9QlWYMq9kJQfqdpTCi88ockh_AqqXcinLkfStuGLJVZ8MEC4swOnkt-jV8WBs7ltxqoVzB4SNaunj2LxlIIOQdImfAoqC4PglvmW6OFUFC5BFEP', 'width': 1960}]",ChIJY5orGair0kwR04gGh6CVjuA,"{'compound_code': '6GM3+QH Kingston, Ontario', 'global_code': '87P56GM3+QH'}",3.8,ChIJY5orGair0kwR04gGh6CVjuA,GOOGLE,"['convenience_store', 'atm', 'meal_takeaway', 'finance', 'restaurant', 'food', 'point_of_interest', 'store', 'establishment']",18,"490 Princess St, Kingston",1.0,,https://www.google.com/maps/?q=place_id:ChIJY5orGair0kwR04gGh6CVjuA
OPERATIONAL,"{'location': {'lat': 44.2386349, 'lng': -76.4887493}, 'viewport': {'northeast': {'lat': 44.23991477989273, 'lng': -76.48738162010727}, 'southwest': {'lat': 44.23721512010728, 'lng': -76.49008127989272}}}",https://maps.gstatic.com/mapfiles/place_api/icons/v1/png_71/shopping-71.png,#4B96F3,https://maps.gstatic.com/mapfiles/place_api/icons/v2/shoppingcart_pinlet,Daughters General Store,{'open_now': False},"[{'height': 1432, 'html_attributions': ['<a href=""https://maps.google.com/maps/contrib/101875970488226146606"">A Google User</a>'], 'photo_reference': 'Aap_uEC0yulzNWO4U6PaOJg4MRrf53TUXtN-sDNbuUI4YOv5ljBDAUh9JNzEDwi61BY3HAtQJABxt0oJLLPoGZAAgR-K6SuwAqkgLSgDCAa3q6uNBYpjMkBhUv8kran-R3vPcCKixLQVe-m-qfPpImfC6x4UBB0XijVNB9g8nLAMK94FBwin', 'width': 1170}]",ChIJs0ZRNM6r0kwRTsCyyNcXgHM,"{'compound_code': '6GQ6+FG Kingston, Ontario', 'global_code': '87P56GQ6+FG'}",4.9,ChIJs0ZRNM6r0kwRTsCyyNcXgHM,GOOGLE,"['grocery_or_supermarket', 'food', 'point_of_interest', 'store', 'establishment']",68,"63 John St, Kingston",,,https://www.google.com/maps/?q=place_id:ChIJs0ZRNM6r0kwRTsCyyNcXgHM
OPERATIONAL,"{'location': {'lat': 44.2386121, 'lng': -76.4851642}, 'viewport': {'northeast': {'lat': 44.23991657989272, 'lng': -76.48404427010728}, 'southwest': {'lat': 44.23721692010727, 'lng': -76.48674392989271}}}",https://maps.gstatic.com/mapfiles/place_api/icons/v1/png_71/shopping-71.png,#4B96F3,https://maps.gstatic.com/mapfiles/place_api/icons/v2/convenience_pinlet,Morning Mart,{'open_now': False},"[{'height': 2268, 'html_attributions': ['<a href=""https://maps.google.com/maps/contrib/104902230921426964507"">Reza Aalaeifar</a>'], 'photo_reference': 'Aap_uECfvg7sbPs0xCNGNknq7V2J-Rqn_IjebMOc-4yIPj5nvgaJu9DBeSHNIruPjsyFPdfNCuUWZO6SKP1WiX9Y6kfQCmVt95gGSD47dU3uru7pt3DE7-54evHF049y3iEqhxa7axmmRpie626fmWgEprBw4vKkzmcvILUPLscHxj-AGrCb', 'width': 4032}]",ChIJ87KGjqyr0kwRL05B8kgy37k,"{'compound_code': '6GQ7+CW Kingston, Ontario', 'global_code': '87P56GQ7+CW'}",3.1,ChIJ87KGjqyr0kwRL05B8kgy37k,GOOGLE,"['convenience_store', 'food', 'point_of_interest', 'store', 'establishment']",12,"235 Montreal St, Kingston",,,https://www.google.com/maps/?q=place_id:ChIJ87KGjqyr0kwRL05B8kgy37k
OPERATIONAL,"{'location': {'lat': 44.232273, 'lng': -76.485957}, 'viewport': {'northeast': {'lat': 44.23354002989272, 'lng': -76.48457207010728}, 'southwest': {'lat': 44.23084037010728, 'lng': -76.48727172989273}}}",https://maps.gstatic.com/mapfiles/place_api/icons/v1/png_71/shopping-71.png,#4B96F3,https://maps.gstatic.com/mapfiles/place_api/icons/v2/shopping_pinlet,Urban Outfitters,{'open_now': False},"[{'height': 2868, 'html_attributions': ['<a href=""https://maps.google.com/maps/contrib/111891277647381791369"">A Google User</a>'], 'photo_reference': 'Aap_uEACNdJZg3h1hSENr1uZcBM5RwvczYPVSI8mEptihP-eqJW5SPkhVvvkPFovb8RGgTjsKYjMlKf_a7_SmNlCruU7wJ_PlPNkqCUu6I47w1TqMVtZbZn5oZQn5ikdjg93kFV2ZOEgEfWsaoIcMowu5lRX0p50rj51ILzFLlOKWeu-yQ2V', 'width': 2448}]",ChIJkTcl4v-q0kwRGKmhxpoTH6k,"{'compound_code': '6GJ7+WJ Kingston, Ontario', 'global_code': '87P56GJ7+WJ'}",3.9,ChIJkTcl4v-q0kwRGKmhxpoTH6k,GOOGLE,"['clothing_store', 'shoe_store', 'electronics_store', 'furniture_store', 'home_goods_store', 'point_of_interest', 'store', 'establishment']",304,"207 Princess St, Kingston",3.0,,https://www.google.com/maps/?q=place_id:ChIJkTcl4v-q0kwRGKmhxpoTH6k
OPERATIONAL,"{'location': {'lat': 44.242241, 'lng': -76.51574699999999}, 'viewport': {'northeast': {'lat': 44.24359822989273, 'lng': -76.51452697010727}, 'southwest': {'lat': 44.24089857010728, 'lng': -76.51722662989272}}}",https://maps.gstatic.com/mapfiles/place_api/icons/v1/png_71/shopping-71.png,#4B96F3,https://maps.gstatic.com/mapfiles/place_api/icons/v2/shopping_pinlet,Dollarama,{'open_now': False},"[{'height': 4032, 'html_attributions': ['<a href=""https://maps.google.com/maps/contrib/104350259076543058765"">Rahul Rai</a>'], 'photo_reference': 'Aap_uED0kO0LWpb8xh8YhU-BMPmNQOpvkOVfPzXykmIcUc7HxvoTjgrMr1bTfeTYm-aStVTSCgVn9_3a9x_hxCdZ7diqm8rfK5lCFGwGsoS9oWHS-rqVkuh-qt989UoNc9VKiCnrexMDVI-rW_sD4nAPageZxkB203aW_VQ81dB0LlPebYcp', 'width': 3024}]",ChIJmyE__ISr0kwR800vWAbpj2E,"{'compound_code': '6FRM+VP Kingston, Ontario', 'global_code': '87P56FRM+VP'}",4.3,ChIJmyE__ISr0kwR800vWAbpj2E,GOOGLE,"['point_of_interest', 'store', 'establishment']",156,"Kingston Centre, 1036 Princess St, Kingston",,,https://www.google.com/maps/?q=place_id:ChIJmyE__ISr0kwR800vWAbpj2E
OPERATIONAL,"{'location': {'lat': 44.24305469999999, 'lng': -76.5028064}, 'viewport': {'northeast': {'lat': 44.24441037989271, 'lng': -76.50134552010728}, 'southwest': {'lat': 44.24171072010727, 'lng': -76.50404517989273}}}",https://maps.gstatic.com/mapfiles/place_api/icons/v1/png_71/shopping-71.png,#4B96F3,https://maps.gstatic.com/mapfiles/place_api/icons/v2/convenience_pinlet,Mclaughlin Foods,{'open_now': False},,ChIJJ_Qp56Kr0kwRq26XJfp-sao,"{'compound_code': '6FVW+6V Kingston, Ontario', 'global_code': '87P56FVW+6V'}",3.9,ChIJJ_Qp56Kr0kwRq26XJfp-sao,GOOGLE,"['convenience_store', 'food', 'point_of_interest', 'store', 'establishment']",8,"404 Nelson St, Kingston",,,https://www.google.com/maps/?q=place_id:ChIJJ_Qp56Kr0kwRq26XJfp-sao
OPERATIONAL,"{'location': {'lat': 44.243443, 'lng': -76.51450299999999}, 'viewport': {'northeast': {'lat': 44.24498907989272, 'lng': -76.51320687010727}, 'southwest': {'lat': 44.24228942010728, 'lng': -76.51590652989272}}}",https://maps.gstatic.com/mapfiles/place_api/icons/v1/png_71/shopping-71.png,#4B96F3,https://maps.gstatic.com/mapfiles/place_api/icons/v2/shopping_pinlet,Dollarama,{'open_now': False},"[{'height': 4128, 'html_attributions': ['<a href=""https://maps.google.com/maps/contrib/100678416816615961218"">A Google User</a>'], 'photo_reference': 'Aap_uECtR1vz32jhxS_lJB_-deCANYYoCW4Nsdl76G4KZP3zMxDePlMqyNYH8WSlVOos4lTGxy6y3MFK8ueE6NaXUvp352-iOI0G9noqTB1ouyw6oTB4Lw1SPXK2FQxK5f2Xqq_WVJMTQMg5TBtEyiER9ahzk9T7VBWVQ1YK9HnW2A3ti_gL', 'width': 3096}]",ChIJb0ceKpur0kwR7NW1FUbxMms,"{'compound_code': '6FVP+95 Kingston, Ontario', 'global_code': '87P56FVP+95'}",4.2,ChIJb0ceKpur0kwR7NW1FUbxMms,GOOGLE,"['point_of_interest', 'store', 'establishment']",517,"JSM Business Centre, 1011 Princess St, Kingston",,,https://www.google.com/maps/?q=place_id:ChIJb0ceKpur0kwR7NW1FUbxMms
OPERATIONAL,"{'location': {'lat': 44.2404246, 'lng': -76.5245075}, 'viewport': {'northeast': {'lat': 44.24172287989272, 'lng': -76.52307412010728}, 'southwest': {'lat': 44.23902322010728, 'lng': -76.52577377989272}}}",https://maps.gstatic.com/mapfiles/place_api/icons/v1/png_71/shopping-71.png,#4B96F3,https://maps.gstatic.com/mapfiles/place_api/icons/v2/shopping_pinlet,Dollar Store,{'open_now': False},"[{'height': 3264, 'html_attributions': ['<a href=""https://maps.google.com/maps/contrib/115691303344913631678"">Neha Ijaz</a>'], 'photo_reference': 'Aap_uECHrldwA7tXkATOln6dtPXFN2DJBR60_5v5pkAij8TD8qWWPG76-MO9S1gWSFwsA6UBzOynJksNvuhwUmUAA1O3PjTUZG7_4Dqqem8R-RXO0lomgIr8u-RPgj12iPy-OGmMQBL-nM_tZSLagp9gygTNjMA37GZ3lnwrL4qBhECCLZPY', 'width': 2448}]",ChIJTzG20IOr0kwRcL2nVY5Riqg,"{'compound_code': '6FRG+55 Kingston, Ontario', 'global_code': '87P56FRG+55'}",3.5,ChIJTzG20IOr0kwRcL2nVY5Riqg,GOOGLE,"['store', 'point_of_interest', 'establishment']",15,"277 Bath Rd, Kingston",,,https://www.google.com/maps/?q=place_id:ChIJTzG20IOr0kwRcL2nVY5Riqg
OPERATIONAL,"{'location': {'lat': 44.2530917, 'lng': -76.46114229999999}, 'viewport': {'northeast': {'lat': 44.25443942989273, 'lng': -76.45972822010728}, 'southwest': {'lat': 44.25173977010728, 'lng': -76.46242787989273}}}",https://maps.gstatic.com/mapfiles/place_api/icons/v1/png_71/shopping-71.png,#4B96F3,https://maps.gstatic.com/mapfiles/place_api/icons/v2/convenience_pinlet,Barriefield Convenience Store,{'open_now': False},,ChIJ6XbXiuOr0kwRfn-aTGL30_4,"{'compound_code': '7G3Q+6G Kingston, Ontario', 'global_code': '87P57G3Q+6G'}",5.0,ChIJ6XbXiuOr0kwRfn-aTGL30_4,GOOGLE,"['convenience_store', 'food', 'point_of_interest', 'store', 'establishment']",2,"760 Highway 15, Medley Ct, Kingston",,,https://www.google.com/maps/?q=place_id:ChIJ6XbXiuOr0kwRfn-aTGL30_4
OPERATIONAL,"{'location': {'lat': 44.232605, 'lng': -76.4877417}, 'viewport': {'northeast': {'lat': 44.23385282989273, 'lng': -76.48644252010727}, 'southwest': {'lat': 44.23115317010728, 'lng': -76.48914217989272}}}",https://maps.gstatic.com/mapfiles/place_api/icons/v1/png_71/shopping-71.png,#4B96F3,https://maps.gstatic.com/mapfiles/place_api/icons/v2/shopping_pinlet,Agent 99 Kingston,{'open_now': False},"[{'height': 3024, 'html_attributions': ['<a href=""https://maps.google.com/maps/contrib/104936802607071371142"">Agent 99</a>'], 'photo_reference': 'Aap_uEA6R__XIBsiBTUkK4S7Yjk17WxU1Cc9uCgtoFSqAnaZbHeU7B49C7EyFQrR-qFx1UYfGGVjrj8qPXDLlMhLZd7HrziQOAi4vI5GAsa6f6MwY-BRQIlEhH554m23LrsSt5zM4VuseHyz81N01QFrrcVrv6B38AfdcOe32dIxU0mCBkai', 'width': 3034}]",ChIJ69XaFgCr0kwRKGsZ-sIz6Ic,"{'compound_code': '6GM6+2W Kingston, Ontario', 'global_code': '87P56GM6+2W'}",4.2,ChIJ69XaFgCr0kwRKGsZ-sIz6Ic,GOOGLE,"['point_of_interest', 'clothing_store', 'store', 'establishment']",47,"259 Princess St, Kingston",,,https://www.google.com/maps/?q=place_id:ChIJ69XaFgCr0kwRKGsZ-sIz6Ic
OPERATIONAL,"{'location': {'lat': 44.247708, 'lng': -76.566401}, 'viewport': {'northeast': {'lat': 44.24879802989273, 'lng': -76.56517807010728}, 'southwest': {'lat': 44.24609837010728, 'lng': -76.56787772989271}}}",https://maps.gstatic.com/mapfiles/place_api/icons/v1/png_71/shopping-71.png,#4B96F3,https://maps.gstatic.com/mapfiles/place_api/icons/v2/shopping_pinlet,Dollarama,{'open_now': False},"[{'height': 4608, 'html_attributions': ['<a href=""https://maps.google.com/maps/contrib/102860844203754972176"">Sarah Sutton</a>'], 'photo_reference': 'Aap_uEA4RT5_mhyk_zZP7va7rGL6ekg_1IP5GvB-KywyQIgoBHBDLpXxqVLcNyybauApIlzu9BME6YcYvWrmWCpeNJF-km--uoLllgQ-W_u9NzI-bxVVfvs2ZGsLXEx9ph1Ye3QPCPIT0zJZNYWvpmuR6HNQAx8uDkAP9cM_rx3SvWAE-KFU', 'width': 3456}]",ChIJ7yyYCAnZhVQR6rFXPcb6kTU,"{'compound_code': '6CXM+3C Kingston, Ontario', 'global_code': '87P56CXM+3C'}",4.1,ChIJ7yyYCAnZhVQR6rFXPcb6kTU,GOOGLE,"['point_of_interest', 'store', 'establishment']",369,"690 Gardiners Rd, Kingston",,,https://www.google.com/maps/?q=place_id:ChIJ7yyYCAnZhVQR6rFXPcb6kTU
OPERATIONAL,"{'location': {'lat': 44.2320212, 'lng': -76.48472079999999}, 'viewport': {'northeast': {'lat': 44.23332317989272, 'lng': -76.48338462010727}, 'southwest': {'lat': 44.23062352010728, 'lng': -76.48608427989272}}}",https://maps.gstatic.com/mapfiles/place_api/icons/v1/png_71/shopping-71.png,#4B96F3,https://maps.gstatic.com/mapfiles/place_api/icons/v2/shopping_pinlet,Overstocks,{'open_now': False},"[{'height': 3024, 'html_attributions': ['<a href=""https://maps.google.com/maps/contrib/113664309233820834071"">A Google User</a>'], 'photo_reference': 'Aap_uEB74uDE94ZqmVkC3ueLjSIc4DeyxjmjkSQYG0aAdpfA3IvY97Ff2zrKbDTXRoPbQW6zrZOC89RF1EaFpESh4nc6L_QH6ixEHWTVDnichk0iE1heVVsvUi8fPcamUL74dGIm-Whpr3FxfR7uSn1pZr_Silxs5ha6Pgt0us4G42_bDbGD', 'width': 4032}]",ChIJL-L07P-q0kwRWJ39OVzhBWg,"{'compound_code': '6GJ8+R4 Kingston, Ontario', 'global_code': '87P56GJ8+R4'}",4.3,ChIJL-L07P-q0kwRWJ39OVzhBWg,GOOGLE,"['clothing_store', 'point_of_interest', 'store', 'establishment']",6,"169 Princess St, Kingston",,,https://www.google.com/maps/?q=place_id:ChIJL-L07P-q0kwRWJ39OVzhBWg
OPERATIONAL,"{'location': {'lat': 44.2305865, 'lng': -76.48165159999999}, 'viewport': {'northeast': {'lat': 44.23193632989273, 'lng': -76.48030177010727}, 'southwest': {'lat': 44.22923667010728, 'lng': -76.48300142989271}}}",https://maps.gstatic.com/mapfiles/place_api/icons/v1/png_71/shopping-71.png,#4B96F3,https://maps.gstatic.com/mapfiles/place_api/icons/v2/shoppingcart_pinlet,General Brock's Commissary,{'open_now': False},"[{'height': 960, 'html_attributions': ['<a href=""https://maps.google.com/maps/contrib/114925115948214041147"">A Google User</a>'], 'photo_reference': 'Aap_uEBkDsSrnADYMelVKjrYqbnvChXn3yHnMfiySuoBRsyZQVsSE8DY8F9CIToytJKvPLrW1hMeBwIZfJs2OBHgaf2icrO7H9ZRcBADcMBfuANLJRSn2yfFz1GT-2Pd6X4nEl6RfAKcORKxG0tVFhIq2NYNS4aaj4FdJZtXQvmlk55JxxzQ', 'width': 720}]",ChIJo3LIHv-q0kwRspfi16FrqT0,"{'compound_code': '6GJ9+68 Kingston, Ontario', 'global_code': '87P56GJ9+68'}",4.4,ChIJo3LIHv-q0kwRspfi16FrqT0,GOOGLE,"['grocery_or_supermarket', 'food', 'point_of_interest', 'store', 'establishment']",41,"55 Brock St, Kingston",,,https://www.google.com/maps/?q=place_id:ChIJo3LIHv-q0kwRspfi16FrqT0
OPERATIONAL,"{'location': {'lat': 44.2568706, 'lng': -76.48368889999999}, 'viewport': {'northeast': {'lat': 44.25799937989272, 'lng': -76.48215377010727}, 'southwest': {'lat': 44.25529972010728, 'lng': -76.48485342989272}}}",https://maps.gstatic.com/mapfiles/place_api/icons/v1/png_71/shopping-71.png,#4B96F3,https://maps.gstatic.com/mapfiles/place_api/icons/v2/convenience_pinlet,Sun Convenience & Grocery,{'open_now': False},"[{'height': 2448, 'html_attributions': ['<a href=""https://maps.google.com/maps/contrib/102059137870849827818"">Kent Manning</a>'], 'photo_reference': 'Aap_uEAKaKet5caM6ZKeBS0gafIz7UL170KUQH_f0gv8DbzsAZc6VuEApeeUiIlBDNYDsLHUKwbaq5s7wlaxLX2R4XzXBDNE7I1cRFPVVuAe-k01XrHTUvsV7m18xvjyro-5mU0OO7ba4riBj_1NpW06Gqw_CdlNbjTLlObODs3hEYUoErwc', 'width': 3264}]",ChIJmSM7Lcmr0kwREhTPMNCl4FU,"{'compound_code': '7G48+PG Kingston, Ontario', 'global_code': '87P57G48+PG'}",4.4,ChIJmSM7Lcmr0kwREhTPMNCl4FU,GOOGLE,"['convenience_store', 'food', 'point_of_interest', 'store', 'establishment']",19,"900 Montreal St, Kingston",,,https://www.google.com/maps/?q=place_id:ChIJmSM7Lcmr0kwREhTPMNCl4FU
OPERATIONAL,"{'location': {'lat': 44.2299066, 'lng': -76.4998306}, 'viewport': {'northeast': {'lat': 44.23125642989272, 'lng': -76.49848077010728}, 'southwest': {'lat': 44.22855677010728, 'lng': -76.50118042989273}}}",https://maps.gstatic.com/mapfiles/place_api/icons/v1/png_71/shopping-71.png,#4B96F3,https://maps.gstatic.com/mapfiles/place_api/icons/v2/shopping_pinlet,Bedore's Food Market,{'open_now': False},,ChIJd9unUw-r0kwROe7uXoFmOe0,"{'compound_code': '6GH2+X3 Kingston, Ontario', 'global_code': '87P56GH2+X3'}",3.6,ChIJd9unUw-r0kwROe7uXoFmOe0,GOOGLE,"['supermarket', 'grocery_or_supermarket', 'food', 'point_of_interest', 'store', 'establishment']",17,"395 Earl St, Kingston",,,https://www.google.com/maps/?q=place_id:ChIJd9unUw-r0kwROe7uXoFmOe0
OPERATIONAL,"{'location': {'lat': 44.2344219, 'lng': -76.4964872}, 'viewport': {'northeast': {'lat': 44.23591252989272, 'lng': -76.49499662010727}, 'southwest': {'lat': 44.23321287010728, 'lng': -76.49769627989272}}}",https://maps.gstatic.com/mapfiles/place_api/icons/v1/png_71/shopping-71.png,#4B96F3,https://maps.gstatic.com/mapfiles/place_api/icons/v2/shopping_pinlet,Beer Store 4505,{'open_now': False},"[{'height': 2448, 'html_attributions': ['<a href=""https://maps.google.com/maps/contrib/108439977244396933587"">Nathan Jousmaki</a>'], 'photo_reference': 'Aap_uECJczWrBp5M4XVxPYWZ-yMH6TWdATiuEQPAISvXe1sbMDiDK62Qfxr8cNMmQLdXGSNm-UR34htVWzifo2CLHg2cA7g80YRUrNLuZpch6dVirTHrS1tEb5ngo20orSqA5BM69km4thxHw0MVB5lz0whB_t4P22nCcFkBOQiMCL68yonw', 'width': 3264}]",ChIJp_rFBKir0kwRNqaAQRyNm3A,"{'compound_code': '6GM3+QC Kingston, Ontario', 'global_code': '87P56GM3+QC'}",4.1,ChIJp_rFBKir0kwRNqaAQRyNm3A,GOOGLE,"['liquor_store', 'point_of_interest', 'store', 'establishment']",74,"500 Princess St, Kingston",,,https://www.google.com/maps/?q=place_id:ChIJp_rFBKir0kwRNqaAQRyNm3A
OPERATIONAL,"{'location': {'lat': 44.3248539, 'lng': -76.7229084}, 'viewport': {'northeast': {'lat': 44.32617727989273, 'lng': -76.72149597010727}, 'southwest': {'lat': 44.32347762010728, 'lng': -76.72419562989272}}}",https://maps.gstatic.com/mapfiles/place_api/icons/v1/png_71/shopping-71.png,#4B96F3,https://maps.gstatic.com/mapfiles/place_api/icons/v2/convenience_pinlet,Wilton General Store,{'open_now': False},,ChIJiZeaMw-30kwRqLTVxJ0z31A,"{'compound_code': '87FG+WR Odessa, Ontario', 'global_code': '87P587FG+WR'}",0.0,ChIJiZeaMw-30kwRqLTVxJ0z31A,GOOGLE,"['convenience_store', 'food', 'point_of_interest', 'store', 'establishment']",0,"301 Simmons Rd, Odessa",,,https://www.google.com/maps/?q=place_id:ChIJiZeaMw-30kwRqLTVxJ0z31A
OPERATIONAL,"{'location': {'lat': 44.234028, 'lng': -76.493779}, 'viewport': {'northeast': {'lat': 44.23529382989273, 'lng': -76.49233217010729}, 'southwest': {'lat': 44.23259417010728, 'lng': -76.49503182989272}}}",https://maps.gstatic.com/mapfiles/place_api/icons/v1/png_71/pharmacy-71.png,#F88181,https://maps.gstatic.com/mapfiles/place_api/icons/v2/pharmacy_pinlet,Shoppers Drug Mart,{'open_now': True},"[{'height': 720, 'html_attributions': ['<a href=""https://maps.google.com/maps/contrib/106062270141882488961"">Shoppers Drug Mart</a>'], 'photo_reference': 'Aap_uEDqp8EVjpnnkQTWcMDiC6aYNQ1dYzkUELh5ocFj8iHaoOKLCBBImJDOYqSDFEU1l5slbBb1ZHlqGk5WbH1CrBccVGK_WRWhQaXtKtuUgCbrMPXopjwe7c7XFW2eYwqNLTd8TU7x07WrUPN_F7mVTFmUBb6sIujxZvy4hJ8k67WnJRZd', 'width': 720}]",ChIJBT1efger0kwRkNrnUtI0NTM,"{'compound_code': '6GM4+JF Kingston, Ontario', 'global_code': '87P56GM4+JF'}",3.4,ChIJBT1efger0kwRkNrnUtI0NTM,GOOGLE,"['pharmacy', 'health', 'point_of_interest', 'store', 'establishment']",96,"445 Princess St, Kingston",,,https://www.google.com/maps/?q=place_id:ChIJBT1efger0kwRkNrnUtI0NTM
OPERATIONAL,"{'location': {'lat': 44.231614, 'lng': -76.4832879}, 'viewport': {'northeast': {'lat': 44.23301062989272, 'lng': -76.48192347010728}, 'southwest': {'lat': 44.23031097010728, 'lng': -76.48462312989273}}}",https://maps.gstatic.com/mapfiles/place_api/icons/v1/png_71/shopping-71.png,#4B96F3,https://maps.gstatic.com/mapfiles/place_api/icons/v2/shopping_pinlet,Send in the Clowns,{'open_now': False},"[{'height': 830, 'html_attributions': ['<a href=""https://maps.google.com/maps/contrib/116045285272480670619"">Send in the Clowns</a>'], 'photo_reference': 'Aap_uEDSIoXnqlvBfzekJryCl8Gf8ubX7EOe-RrgxnSpT3ogVF-qVHvG-STuP_waWtrwjqb_QguNYmTYievWDu8aYll4Y-57GfbSptPMYPNcl_zCG3aZN2mX6h2R8q2mFnAXsNPqrbEAfwzWi7efaQeUbwuxMRxrJz0q9tG-3WnHW-LrWXPj', 'width': 1184}]",ChIJn-Y-df-q0kwRttl1-wLFufw,"{'compound_code': '6GJ8+JM Kingston, Ontario', 'global_code': '87P56GJ8+JM'}",4.7,ChIJn-Y-df-q0kwRttl1-wLFufw,GOOGLE,"['home_goods_store', 'point_of_interest', 'store', 'establishment']",52,"120 Princess St, Kingston",,,https://www.google.com/maps/?q=place_id:ChIJn-Y-df-q0kwRttl1-wLFufw
OPERATIONAL,"{'location': {'lat': 44.2584615, 'lng': -76.52189709999999}, 'viewport': {'northeast': {'lat': 44.25976557989272, 'lng': -76.52082837010727}, 'southwest': {'lat': 44.25706592010728, 'lng': -76.52352802989272}}}",https://maps.gstatic.com/mapfiles/place_api/icons/v1/png_71/shopping-71.png,#4B96F3,https://maps.gstatic.com/mapfiles/place_api/icons/v2/convenience_pinlet,Mac's,{'open_now': True},"[{'height': 1860, 'html_attributions': ['<a href=""https://maps.google.com/maps/contrib/107882271554706265258"">JD Lewis</a>'], 'photo_reference': 'Aap_uEAcESTwaPtMsBDua6z6saDRu4UlyV712lPwf7jeeLa2U3yiTpTk8h8VHPeyQN2JyY5FYqrWN9vme-7hu2Jmv59iyvTScSRl5WY5uGniSal9gj4CzuCu9txrippQIbzh3WpzVc7tK5pwOnpZom_c3SaRJ5FhU6Z_f3Tr9GOlHQ4RSllp', 'width': 4032}]",ChIJkeJdfwqs0kwRpAJ4wXTKtx8,"{'compound_code': '7F5H+96 Kingston, Ontario', 'global_code': '87P57F5H+96'}",4.7,ChIJkeJdfwqs0kwRpAJ4wXTKtx8,GOOGLE,"['convenience_store', 'atm', 'meal_takeaway', 'finance', 'restaurant', 'food', 'point_of_interest', 'store', 'establishment']",3,"83 Aberfoyle Rd, Kingston",1.0,,https://www.google.com/maps/?q=place_id:ChIJkeJdfwqs0kwRpAJ4wXTKtx8
OPERATIONAL,"{'location': {'lat': 44.23258, 'lng': -76.48575269999999}, 'viewport': {'northeast': {'lat': 44.23390692989273, 'lng': -76.48425287010727}, 'southwest': {'lat': 44.23120727010728, 'lng': -76.4869525298927}}}",https://maps.gstatic.com/mapfiles/place_api/icons/v1/png_71/shopping-71.png,#4B96F3,https://maps.gstatic.com/mapfiles/place_api/icons/v2/shopping_pinlet,Norm,{'open_now': True},,ChIJeyp1x-Cr0kwRtPrrIwco6yw,"{'compound_code': '6GM7+2M Kingston, Ontario', 'global_code': '87P56GM7+2M'}",4.0,ChIJeyp1x-Cr0kwRtPrrIwco6yw,GOOGLE,"['food', 'point_of_interest', 'store', 'establishment']",1,"46 Montreal St, Kingston",,,https://www.google.com/maps/?q=place_id:ChIJeyp1x-Cr0kwRtPrrIwco6yw
OPERATIONAL,"{'location': {'lat': 44.331813, 'lng': -76.1580032}, 'viewport': {'northeast': {'lat': 44.33339527989272, 'lng': -76.15683127010726}, 'southwest': {'lat': 44.33069562010727, 'lng': -76.15953092989271}}}",https://maps.gstatic.com/mapfiles/place_api/icons/v1/png_71/shopping-71.png,#4B96F3,https://maps.gstatic.com/mapfiles/place_api/icons/v2/shoppingcart_pinlet,Store 159,,,ChIJU-eWzOpFzUwRA-DkaZH2QG8,"{'compound_code': '8RJR+PQ Gananoque, Ontario', 'global_code': '87P58RJR+PQ'}",5.0,ChIJU-eWzOpFzUwRA-DkaZH2QG8,GOOGLE,"['grocery_or_supermarket', 'food', 'point_of_interest', 'store', 'establishment']",1,"333 King St E, Gananoque",,,https://www.google.com/maps/?q=place_id:ChIJU-eWzOpFzUwRA-DkaZH2QG8
OPERATIONAL,"{'location': {'lat': 44.2405262, 'lng': -76.5246465}, 'viewport': {'northeast': {'lat': 44.24176012989273, 'lng': -76.52328302010727}, 'southwest': {'lat': 44.23906047010728, 'lng': -76.5259826798927}}}",https://maps.gstatic.com/mapfiles/place_api/icons/v1/png_71/shopping-71.png,#4B96F3,https://maps.gstatic.com/mapfiles/place_api/icons/v2/shoppingcart_pinlet,M&M Food Market,{'open_now': False},"[{'height': 4128, 'html_attributions': ['<a href=""https://maps.google.com/maps/contrib/100678416816615961218"">A Google User</a>'], 'photo_reference': 'Aap_uECOW7XeSl0oUnYESXsKQRE_xkfJtMLPwZx18yFDOsxyLpc0IzBQkkaPBhEZ9gKzlsuapLa1j-qw80O7KSe1fRJHEndvHU1-6N295YLMeoGuLq0-WQpfcPfZQZrrp6CKze-poeZX-cBTkuEOeX6Qx0EDcz6y5fOfjAc8k594NLw1Hhmf', 'width': 3096}]",ChIJ7_ujnIGr0kwR4sv-T8e5GRU,"{'compound_code': '6FRG+64 Kingston, Ontario', 'global_code': '87P56FRG+64'}",4.4,ChIJ7_ujnIGr0kwR4sv-T8e5GRU,GOOGLE,"['grocery_or_supermarket', 'supermarket', 'food', 'point_of_interest', 'store', 'establishment']",54,"277 Bath Rd, Kingston",,,https://www.google.com/maps/?q=place_id:ChIJ7_ujnIGr0kwR4sv-T8e5GRU
OPERATIONAL,"{'location': {'lat': 44.2316346, 'lng': -76.48346099999999}, 'viewport': {'northeast': {'lat': 44.23298442989272, 'lng': -76.48211117010727}, 'southwest': {'lat': 44.23028477010728, 'lng': -76.48481082989272}}}",https://maps.gstatic.com/mapfiles/place_api/icons/v1/png_71/shopping-71.png,#4B96F3,https://maps.gstatic.com/mapfiles/place_api/icons/v2/shopping_pinlet,Dollar Tree,{'open_now': False},"[{'height': 608, 'html_attributions': ['<a href=""https://maps.google.com/maps/contrib/107192099225306201848"">Dollar Tree</a>'], 'photo_reference': 'Aap_uEDl7NA0fzQbhOQfyaqANXOTEio7pfg3P_vh75eRdgnvp9BQlxPTP2-arbfEY0XwcHd7RiqBNzAku5GmELrsYpQ3gqNgmkTEweWefQvQu6WXuitjCRv51k1jNpUX3vVkeB5fTmGCK4Y8yKqVyge2vJun-yJLBO1mctJ_xgN-FDOE7Ue4', 'width': 1080}]",ChIJz3M1n_-q0kwRdIPtyRcP-rM,"{'compound_code': '6GJ8+MJ Kingston, Ontario', 'global_code': '87P56GJ8+MJ'}",4.1,ChIJz3M1n_-q0kwRdIPtyRcP-rM,GOOGLE,"['home_goods_store', 'food', 'point_of_interest', 'store', 'establishment']",140,"122 Princess St, Kingston",,,https://www.google.com/maps/?q=place_id:ChIJz3M1n_-q0kwRdIPtyRcP-rM
OPERATIONAL,"{'location': {'lat': 44.2402608, 'lng': -76.5425151}, 'viewport': {'northeast': {'lat': 44.24161062989273, 'lng': -76.54116527010729}, 'southwest': {'lat': 44.23891097010728, 'lng': -76.54386492989272}}}",https://maps.gstatic.com/mapfiles/place_api/icons/v1/png_71/shopping-71.png,#4B96F3,https://maps.gstatic.com/mapfiles/place_api/icons/v2/convenience_pinlet,Meadowbrook variety,{'open_now': False},"[{'height': 4160, 'html_attributions': ['<a href=""https://maps.google.com/maps/contrib/113300399662444974499"">EasyasPie 123</a>'], 'photo_reference': 'Aap_uEDzzF1P1I6s_JabaIufraBQRhltQ6py0eVkxFKUaoDCxTt6bqR94dbCNLNsTfXtjaKmYEnYnIHlE8OEVKQUhQA2XPN4jyxfzP0dIOFWboU7GR5anWuChxDr-f-Md-e2grGr7GC_24raCdKqZBJHAwp4W5uU_U3i-U7lx3Hm-DABoKiG', 'width': 3120}]",ChIJCxp8vIes0kwROBSV7oQEO6E,"{'compound_code': '6FR4+4X Kingston, Ontario', 'global_code': '87P56FR4+4X'}",4.4,ChIJCxp8vIes0kwROBSV7oQEO6E,GOOGLE,"['convenience_store', 'food', 'point_of_interest', 'store', 'establishment']",17,"545 Armstrong Rd, Kingston",,,https://www.google.com/maps/?q=place_id:ChIJCxp8vIes0kwROBSV7oQEO6E
OPERATIONAL,"{'location': {'lat': 44.256367, 'lng': -76.5721539}, 'viewport': {'northeast': {'lat': 44.25780897989273, 'lng': -76.57135412010727}, 'southwest': {'lat': 44.25510932010728, 'lng': -76.57405377989271}}}",https://maps.gstatic.com/mapfiles/place_api/icons/v1/png_71/shopping-71.png,#4B96F3,https://maps.gstatic.com/mapfiles/place_api/icons/v2/shopping_pinlet,Dollarama,{'open_now': False},"[{'height': 3096, 'html_attributions': ['<a href=""https://maps.google.com/maps/contrib/100678416816615961218"">A Google User</a>'], 'photo_reference': 'Aap_uEAt5R9AHNPzkkjK2jW_LS3CYjMjMS-OnF5WnmnMwleV1nvnqUQX-zDhts9t0xQ7ghKAEIzwDeHH_06CUZmELN6T3X_0jZ_Hs6xvof_EIOKqMepNfQ8n_RoDUlc26m5v3pFs7LyMMCysCsb1pb2DrzQegHkC9a_ExS_ZyQKa2FWQMRfC', 'width': 4128}]",ChIJb-aCRUCt0kwRlOvXdyQC2Lw,"{'compound_code': '7C4H+G4 Kingston, Ontario', 'global_code': '87P57C4H+G4'}",4.2,ChIJb-aCRUCt0kwRlOvXdyQC2Lw,GOOGLE,"['point_of_interest', 'store', 'establishment']",101,"Cataraqui Centre, 945 Gardiners Rd, Kingston",,,https://www.google.com/maps/?q=place_id:ChIJb-aCRUCt0kwRlOvXdyQC2Lw
OPERATIONAL,"{'location': {'lat': 44.239526, 'lng': -76.546182}, 'viewport': {'northeast': {'lat': 44.24074177989272, 'lng': -76.54491632010728}, 'southwest': {'lat': 44.23804212010727, 'lng': -76.54761597989273}}}",https://maps.gstatic.com/mapfiles/place_api/icons/v1/png_71/shopping-71.png,#4B96F3,https://maps.gstatic.com/mapfiles/place_api/icons/v2/shopping_pinlet,Dollarama,{'open_now': False},"[{'height': 2988, 'html_attributions': ['<a href=""https://maps.google.com/maps/contrib/117041716417509373032"">CodeName Jenova</a>'], 'photo_reference': 'Aap_uEAFjpw3NLat-BXHnll7Axht2rtXbxqyz383w1O4o0B9Df3ryhEO5ktXrDohXXkxBjpYHls1o0nnsIRnXNWtdD9RYJ7w95qPFWcL14lZ7OjSh02DFjUieopeJhpUQwBJ84bfG2OEzJVCwrEb7JabwSCR8ZfG0Y6fpxZmtGHcMW2tehZl', 'width': 3984}]",ChIJeVSLhN6iKogRPeOZSMcAWzA,"{'compound_code': '6FQ3+RG Kingston, Ontario', 'global_code': '87P56FQ3+RG'}",4.1,ChIJeVSLhN6iKogRPeOZSMcAWzA,GOOGLE,"['point_of_interest', 'store', 'establishment']",68,"Frontenac Mall, 1300 Bath Rd F1, Kingston",,,https://www.google.com/maps/?q=place_id:ChIJeVSLhN6iKogRPeOZSMcAWzA
OPERATIONAL,"{'location': {'lat': 44.2299554, 'lng': -76.49683069999999}, 'viewport': {'northeast': {'lat': 44.23130522989273, 'lng': -76.49548087010727}, 'southwest': {'lat': 44.22860557010728, 'lng': -76.49818052989272}}}",https://maps.gstatic.com/mapfiles/place_api/icons/v1/png_71/shopping-71.png,#4B96F3,https://maps.gstatic.com/mapfiles/place_api/icons/v2/shoppingcart_pinlet,Campus One Stop,{'open_now': False},"[{'height': 2988, 'html_attributions': ['<a href=""https://maps.google.com/maps/contrib/103646140451292083930"">uneverknow2342</a>'], 'photo_reference': 'Aap_uEBLgqqg-9Q5DxC4idw2xrtjPurHLJ6Rew1saZqP9bqPuQNwoLplUmMJp2zyLugkbyo6bOkCFZtCu7BAD6UKXG1t9fnajvUj0j-ad8m5CO1KgUCGjRzmJUQ5JCkXR4Fcpe96aTfEIVDW_ZRsX30QVxtsX6n7PiNOnkijl4OH8Hdn-xMd', 'width': 5312}]",ChIJQYqFeQar0kwRhxRVs6_cWSw,"{'compound_code': '6GH3+X7 Kingston, Ontario', 'global_code': '87P56GH3+X7'}",4.6,ChIJQYqFeQar0kwRhxRVs6_cWSw,GOOGLE,"['grocery_or_supermarket', 'supermarket', 'food', 'point_of_interest', 'store', 'establishment']",36,"163Â½ Alfred St, Kingston",,,https://www.google.com/maps/?q=place_id:ChIJQYqFeQar0kwRhxRVs6_cWSw
OPERATIONAL,"{'location': {'lat': 44.2398454, 'lng': -76.50787199999999}, 'viewport': {'northeast': {'lat': 44.24111852989272, 'lng': -76.50642967010728}, 'southwest': {'lat': 44.23841887010727, 'lng': -76.50912932989272}}}",https://maps.gstatic.com/mapfiles/place_api/icons/v1/png_71/shopping-71.png,#4B96F3,https://maps.gstatic.com/mapfiles/place_api/icons/v2/shopping_pinlet,Giant Tiger,{'open_now': False},"[{'height': 3024, 'html_attributions': ['<a href=""https://maps.google.com/maps/contrib/112260522671492829172"">A Google User</a>'], 'photo_reference': 'Aap_uEARafiz6lyHNnTa3b1a-tFzI1Yvxsm2-9GrY1hloqFzN6pn8tcVJtVNmD8bCJB_9UkpYWqPnS9Gg1ShtgJfQCW-MkASrymbmllqDrAVJ3acOetwJ3P5e8vWyjcYSOI4QrF7XkswNMoGBXmqIkphudDss_HIvHJsAhw8Y6DSKVjifgel', 'width': 4032}]",ChIJLdTjWp-r0kwRQp4m6NZulgs,"{'compound_code': '6FQR+WV Kingston, Ontario', 'global_code': '87P56FQR+WV'}",4.2,ChIJLdTjWp-r0kwRQp4m6NZulgs,GOOGLE,"['department_store', 'point_of_interest', 'store', 'establishment']",1152,"813 Princess St #811, Kingston",,,https://www.google.com/maps/?q=place_id:ChIJLdTjWp-r0kwRQp4m6NZulgs
OPERATIONAL,"{'location': {'lat': 44.231504, 'lng': -76.483808}, 'viewport': {'northeast': {'lat': 44.23299092989272, 'lng': -76.48254347010729}, 'southwest': {'lat': 44.23029127010728, 'lng': -76.48524312989272}}}",https://maps.gstatic.com/mapfiles/place_api/icons/v1/png_71/pharmacy-71.png,#F88181,https://maps.gstatic.com/mapfiles/place_api/icons/v2/pharmacy_pinlet,Shoppers Drug Mart,{'open_now': False},"[{'height': 720, 'html_attributions': ['<a href=""https://maps.google.com/maps/contrib/100779952017122130927"">Shoppers Drug Mart</a>'], 'photo_reference': 'Aap_uECl7mlad5KgO62RPHZRDZc4luJX-fKFQeUX_YbFJ5tHEldK-GUDpj7-Nbx_zeVGqY9vke_y-RPjMkLn6LdtPoX5tmPeGY6WxXf2gTVWDsO5bk3DtPZCts04xmzEZ2ysiMO_ORzvX1v6p8VBnNamDADrQkvCAGYNTsdk9gvDP-e_8TiG', 'width': 720}]",ChIJh4zsmP-q0kwRPqCowk6Zi8g,"{'compound_code': '6GJ8+JF Kingston, Ontario', 'global_code': '87P56GJ8+JF'}",3.5,ChIJh4zsmP-q0kwRPqCowk6Zi8g,GOOGLE,"['pharmacy', 'health', 'point_of_interest', 'store', 'establishment']",69,"136 Princess St, Kingston",,,https://www.google.com/maps/?q=place_id:ChIJh4zsmP-q0kwRPqCowk6Zi8g
OPERATIONAL,"{'location': {'lat': 44.2563037, 'lng': -76.57188699999999}, 'viewport': {'northeast': {'lat': 44.25796727989272, 'lng': -76.57024132010727}, 'southwest': {'lat': 44.25526762010728, 'lng': -76.57294097989272}}}",https://maps.gstatic.com/mapfiles/place_api/icons/v1/png_71/shopping-71.png,#4B96F3,https://maps.gstatic.com/mapfiles/place_api/icons/v2/convenience_pinlet,Xpress Lane Convenience Plus,{'open_now': False},"[{'height': 3096, 'html_attributions': ['<a href=""https://maps.google.com/maps/contrib/100678416816615961218"">A Google User</a>'], 'photo_reference': 'Aap_uEANa-vdG2FwYKTaffHCMKDVoaRht8eKjDhvGf3WhtFgLUJulKSbCU3sLKvU34_QkFFo5YGJKAHMYVTOn6K90ue2Y26NtxMsCcHZ5uHmyBzPqhkglnjduAb7vrpMjHxmyFaEr0SSf1vB_XUcw2kZJEK0-G54KqNfQ0GJlSZcez-gpmPY', 'width': 4128}]",ChIJ65X1tkys0kwRPCxkgWvK7kg,"{'compound_code': '7C4H+G6 Kingston, Ontario', 'global_code': '87P57C4H+G6'}",5.0,ChIJ65X1tkys0kwRPCxkgWvK7kg,GOOGLE,"['convenience_store', 'food', 'point_of_interest', 'store', 'establishment']",1,"945 Gardiners Rd, Kingston",,,https://www.google.com/maps/?q=place_id:ChIJ65X1tkys0kwRPCxkgWvK7kg
OPERATIONAL,"{'location': {'lat': 44.2488784, 'lng': -76.56876}, 'viewport': {'northeast': {'lat': 44.25023462989272, 'lng': -76.56718472010728}, 'southwest': {'lat': 44.24753497010727, 'lng': -76.56988437989273}}}",https://maps.gstatic.com/mapfiles/place_api/icons/v1/png_71/shopping-71.png,#4B96F3,https://maps.gstatic.com/mapfiles/place_api/icons/v2/convenience_pinlet,Super Convenience Stop,,,ChIJP3JZalGs0kwRxuV8TDi2Z3o,"{'compound_code': '6CXJ+HF Kingston, Ontario', 'global_code': '87P56CXJ+HF'}",0.0,ChIJP3JZalGs0kwRxuV8TDi2Z3o,GOOGLE,"['convenience_store', 'food', 'point_of_interest', 'store', 'establishment']",0,"765 Gardiners Rd, Kingston",,,https://www.google.com/maps/?q=place_id:ChIJP3JZalGs0kwRxuV8TDi2Z3o
CLOSED_TEMPORARILY,"{'location': {'lat': 44.23079569999999, 'lng': -76.4797105}, 'viewport': {'northeast': {'lat': 44.23231542989272, 'lng': -76.47840857010728}, 'southwest': {'lat': 44.22961577010728, 'lng': -76.48110822989273}}}",https://maps.gstatic.com/mapfiles/place_api/icons/v1/png_71/shopping-71.png,#4B96F3,https://maps.gstatic.com/mapfiles/place_api/icons/v2/shopping_pinlet,Waterfront Gifts & Apparel,,"[{'height': 1331, 'html_attributions': ['<a href=""https://maps.google.com/maps/contrib/108174952288984210838"">Waterfront Gifts &amp; Apparel</a>'], 'photo_reference': 'Aap_uEAc4YEA8QCI27KmkfyV7m2HuiDY29YaYT0tflh2vtwoNEFYk3KOJRAztJ2iIqCWdiFmTzEzvblakUk9ZtHBC22D8BZ70aaj3Q-rLidld_Ie4w1mFDRhszSIoSy-aXrSvsOnE02b32ecd8XEsvTNS9XFK1uapYQqZmP4HGfQ1tZzpIod', 'width': 2048}]",ChIJaSjrxfiq0kwRE_T6587HqAw,"{'compound_code': '6GJC+84 Kingston, Ontario', 'global_code': '87P56GJC+84'}",4.2,ChIJaSjrxfiq0kwRE_T6587HqAw,GOOGLE,"['jewelry_store', 'point_of_interest', 'clothing_store', 'store', 'establishment']",31,"248 Ontario St, Kingston",,True,https://www.google.com/maps/?q=place_id:ChIJaSjrxfiq0kwRE_T6587HqAw
OPERATIONAL,"{'location': {'lat': 44.2498379, 'lng': -76.9355137}, 'viewport': {'northeast': {'lat': 44.25132557989271, 'lng': -76.93413617010728}, 'southwest': {'lat': 44.24862592010727, 'lng': -76.93683582989271}}}",https://maps.gstatic.com/mapfiles/place_api/icons/v1/png_71/shopping-71.png,#4B96F3,https://maps.gstatic.com/mapfiles/place_api/icons/v2/shopping_pinlet,Munroe's General Store,{'open_now': False},"[{'height': 1536, 'html_attributions': ['<a href=""https://maps.google.com/maps/contrib/100286795070672523000"">Michael C Muir</a>'], 'photo_reference': 'Aap_uEDdx6oSXk46K084_gVSWOxbhuusPoZUwPV8cXGhVbeHF9yHywJAnxBDhoJ2xqg5Mdz8Y8bmQDIw0iWc-9QMeMRrQAFrX0R1rtF_77n-6tCXczot2JoP54o3-pLuSEugjECWst6s8JrN1NuiZfxqYmlfjAqWRD2nZlIJAB6sAzymFDv0', 'width': 2048}]",ChIJq6qqqtrf14kRUbL1dw--Ugk,"{'compound_code': '63X7+WQ Napanee, Ontario', 'global_code': '87P563X7+WQ'}",4.3,ChIJq6qqqtrf14kRUbL1dw--Ugk,GOOGLE,"['food', 'point_of_interest', 'store', 'establishment']",68,"8300 2, Napanee",,,https://www.google.com/maps/?q=place_id:ChIJq6qqqtrf14kRUbL1dw--Ugk
OPERATIONAL,"{'location': {'lat': 44.260695, 'lng': -76.57400299999999}, 'viewport': {'northeast': {'lat': 44.26204442989273, 'lng': -76.57271002010728}, 'southwest': {'lat': 44.25934477010728, 'lng': -76.57540967989272}}}",https://maps.gstatic.com/mapfiles/place_api/icons/v1/png_71/shopping-71.png,#4B96F3,https://maps.gstatic.com/mapfiles/place_api/icons/v2/shoppingcart_pinlet,Loblaws,{'open_now': False},"[{'height': 3096, 'html_attributions': ['<a href=""https://maps.google.com/maps/contrib/100678416816615961218"">A Google User</a>'], 'photo_reference': 'Aap_uEBOOWD_tSPlEsibEBlLTs5B_GOVyfUlwxTQikimDwo4-ixYahjEtT7Na6Cfwx5PS4Qq1En0H8pNHCQzIzCJnZqfyAlETpIKgzzhM1QVRulIJ0ULxmUYCz6zjl2RSKT5B-gZQ7un-M6mtsHFlVjoLn3iOjekV2aVYw5aeHRG9onWgWAm', 'width': 4128}]",ChIJ1URTjLWt0kwR1uiVvpMN2So,"{'compound_code': '7C6G+79 Kingston, Ontario', 'global_code': '87P57C6G+79'}",4.1,ChIJ1URTjLWt0kwR1uiVvpMN2So,GOOGLE,"['grocery_or_supermarket', 'pharmacy', 'bakery', 'food', 'health', 'point_of_interest', 'store', 'establishment']",1300,"1048 Midland Ave, Kingston",,,https://www.google.com/maps/?q=place_id:ChIJ1URTjLWt0kwR1uiVvpMN2So
OPERATIONAL,"{'location': {'lat': 44.248561, 'lng': -76.566384}, 'viewport': {'northeast': {'lat': 44.24988192989273, 'lng': -76.56521267010727}, 'southwest': {'lat': 44.24718227010729, 'lng': -76.5679123298927}}}",https://maps.gstatic.com/mapfiles/place_api/icons/v1/png_71/shopping-71.png,#4B96F3,https://maps.gstatic.com/mapfiles/place_api/icons/v2/shopping_pinlet,Best Buy,{'open_now': False},"[{'height': 1920, 'html_attributions': ['<a href=""https://maps.google.com/maps/contrib/115586123067445230056"">Patrick Rivadeneyra</a>'], 'photo_reference': 'Aap_uEAcztzhZlRPzbeYNv9kmojwqqML-Cwh49Tmm8E6Zh3Lfd7zDQahMEe_OW_4BtbLDgz8UJ9FD6NsiDnq7L-V1gcERymqQ3OsjCeFQ_17W0kUDylbGbj7Bu3Qg6Tr5PgA_09LGRxDSKpuVPdvO-Mi6YSsXb-QeX7vrJCGvucHCXgLM486', 'width': 1080}]",ChIJy14WdlGs0kwROhSXMVTQgOA,"{'compound_code': '6CXM+CC Kingston, Ontario', 'global_code': '87P56CXM+CC'}",4.0,ChIJy14WdlGs0kwROhSXMVTQgOA,GOOGLE,"['electronics_store', 'home_goods_store', 'point_of_interest', 'store', 'establishment']",877,"770 Gardiners Rd, Kingston",2.0,,https://www.google.com/maps/?q=place_id:ChIJy14WdlGs0kwROhSXMVTQgOA
OPERATIONAL,"{'location': {'lat': 44.2515601, 'lng': -76.5324638}, 'viewport': {'northeast': {'lat': 44.25299557989272, 'lng': -76.53141682010727}, 'southwest': {'lat': 44.25029592010728, 'lng': -76.53411647989272}}}",https://maps.gstatic.com/mapfiles/place_api/icons/v1/png_71/shopping-71.png,#4B96F3,https://maps.gstatic.com/mapfiles/place_api/icons/v2/convenience_pinlet,Convenience Store,{'open_now': True},,ChIJ3ZBcSHGs0kwRABSf5VMq5vA,"{'compound_code': '7F29+J2 Kingston, Ontario', 'global_code': '87P57F29+J2'}",0.0,ChIJ3ZBcSHGs0kwRABSf5VMq5vA,GOOGLE,"['convenience_store', 'food', 'point_of_interest', 'store', 'establishment']",0,"Parkway, Kingston",,,https://www.google.com/maps/?q=place_id:ChIJ3ZBcSHGs0kwRABSf5VMq5vA
OPERATIONAL,"{'location': {'lat': 44.2409727, 'lng': -76.5087918}, 'viewport': {'northeast': {'lat': 44.24237312989272, 'lng': -76.50740997010728}, 'southwest': {'lat': 44.23967347010727, 'lng': -76.51010962989272}}}",https://maps.gstatic.com/mapfiles/place_api/icons/v1/png_71/shopping-71.png,#4B96F3,https://maps.gstatic.com/mapfiles/place_api/icons/v2/shopping_pinlet,Beer Store 4502,{'open_now': False},"[{'height': 4608, 'html_attributions': ['<a href=""https://maps.google.com/maps/contrib/102358405224340905569"">Bizwar 72</a>'], 'photo_reference': 'Aap_uEATHmX8OzjBXeXHFlOl3VCzNF2vtSXprvEXo3NgNhlDThxYn6qB60gbBMWrSPa5awKahOT4n4s6e1DpV9aUn9gOCPBFSND3LZbBSXPnOVX9Qio4-jtwrpVUGLqWLTPS_PwR9aTvIfHe0yNnGQ6N9boKVjPu9U47MAgiQtv4vzuVMHyK', 'width': 2592}]",ChIJC2MBo5ir0kwRtdRyAIZ8ies,"{'compound_code': '6FRR+9F Kingston, Ontario', 'global_code': '87P56FRR+9F'}",4.4,ChIJC2MBo5ir0kwRtdRyAIZ8ies,GOOGLE,"['liquor_store', 'point_of_interest', 'store', 'establishment']",129,"290 Concession St, Kingston",,,https://www.google.com/maps/?q=place_id:ChIJC2MBo5ir0kwRtdRyAIZ8ies
OPERATIONAL,"{'location': {'lat': 44.2641225, 'lng': -76.501305}, 'viewport': {'northeast': {'lat': 44.26535647989272, 'lng': -76.50002162010728}, 'southwest': {'lat': 44.26265682010728, 'lng': -76.50272127989273}}}",https://maps.gstatic.com/mapfiles/place_api/icons/v1/png_71/shopping-71.png,#4B96F3,https://maps.gstatic.com/mapfiles/place_api/icons/v2/shopping_pinlet,Beer Store 4511,{'open_now': False},"[{'height': 4832, 'html_attributions': ['<a href=""https://maps.google.com/maps/contrib/110306648653203693400"">Alina Bugeag</a>'], 'photo_reference': 'Aap_uEDIC0Xw0DMstHQKm5vwiGUV7oHgBt2d_kJPYNubJKUbGrt1w6ioy9wmXhotkrLXbyzA2oMdaI4VUO1bOtBJJPSmYqrj2YkPak1VD9-jVL8zHiMexsgx_HegfUr3Oqy7IcXscfl81JGW-t2HP51luWRMeW3Ldj2ZuoWw0JmsnefPl3dG', 'width': 7236}]",ChIJ0yncTuSr0kwRTBMlnW-ezSw,"{'compound_code': '7F7X+JF Kingston, Ontario', 'global_code': '87P57F7X+JF'}",4.6,ChIJ0yncTuSr0kwRTBMlnW-ezSw,GOOGLE,"['liquor_store', 'point_of_interest', 'store', 'establishment']",143,"88 Dalton Ave, Kingston",,,https://www.google.com/maps/?q=place_id:ChIJ0yncTuSr0kwRTBMlnW-ezSw
OPERATIONAL,"{'location': {'lat': 44.26574, 'lng': -76.49659}, 'viewport': {'northeast': {'lat': 44.26709912989273, 'lng': -76.49537522010728}, 'southwest': {'lat': 44.26439947010729, 'lng': -76.49807487989273}}}",https://maps.gstatic.com/mapfiles/place_api/icons/v1/png_71/pharmacy-71.png,#F88181,https://maps.gstatic.com/mapfiles/place_api/icons/v2/pharmacy_pinlet,Shoppers Drug Mart,{'open_now': True},"[{'height': 1920, 'html_attributions': ['<a href=""https://maps.google.com/maps/contrib/101121442710016619046"">SEO MAN</a>'], 'photo_reference': 'Aap_uEC5pjxrT9ixUsdnVG3X_zDKHSiypY0-I4gbbv-gMlVOJ4Nb1x5YS0L5DjfJWvrpJDHsESWlJ2JZlRTSkqijmGRPBEXghCkHn-802f4s_icCxkPgJSDScDusCJ_xD9DCqZjbg1ntd4L5PXIhaaZFiQ4NDtUhnNDNbhlYhIK9nIdLK-HN', 'width': 1080}]",ChIJnYWs7-ar0kwRaR9UTXQ6Zr0,"{'compound_code': '7G83+79 Kingston, Ontario', 'global_code': '87P57G83+79'}",3.3,ChIJnYWs7-ar0kwRaR9UTXQ6Zr0,GOOGLE,"['pharmacy', 'health', 'point_of_interest', 'store', 'establishment']",113,"1201 Division St, Kingston",,,https://www.google.com/maps/?q=place_id:ChIJnYWs7-ar0kwRaR9UTXQ6Zr0
OPERATIONAL,"{'location': {'lat': 44.2511182, 'lng': -76.56907269999999}, 'viewport': {'northeast': {'lat': 44.25251432989273, 'lng': -76.56743252010727}, 'southwest': {'lat': 44.24981467010728, 'lng': -76.57013217989271}}}",https://maps.gstatic.com/mapfiles/place_api/icons/v1/png_71/shopping-71.png,#4B96F3,https://maps.gstatic.com/mapfiles/place_api/icons/v2/shoppingcart_pinlet,M&M Food Market,{'open_now': False},"[{'height': 1500, 'html_attributions': ['<a href=""https://maps.google.com/maps/contrib/101172737520018305113"">M&amp;M Meat Shops</a>'], 'photo_reference': 'Aap_uECOYHXukTB-EKyS4TPiE12DcCpigZ_q23ypJOkyUKdUOif4twI_r83CpIkSNGKhQlnON6nMRgf2Q2gzmQl5uLrrS64aj5NgQVM0K7Us5amfsMubL3v8XsdehR1pLcMasrx8BxIFJcx-KneweAPWCW3K8VxYDV4jR71ZkedUAMANPstN', 'width': 2500}]",ChIJWX0J9lGs0kwRdvP1z0GE_Co,"{'compound_code': '7C2J+C9 Kingston, Ontario', 'global_code': '87P57C2J+C9'}",4.6,ChIJWX0J9lGs0kwRdvP1z0GE_Co,GOOGLE,"['grocery_or_supermarket', 'supermarket', 'food', 'point_of_interest', 'store', 'establishment']",61,"795 Gardiners Rd Unit 4, Kingston",,,https://www.google.com/maps/?q=place_id:ChIJWX0J9lGs0kwRdvP1z0GE_Co
OPERATIONAL,"{'location': {'lat': 44.2323852, 'lng': -76.49188800000002}, 'viewport': {'northeast': {'lat': 44.23370892989272, 'lng': -76.49035512010728}, 'southwest': {'lat': 44.23100927010727, 'lng': -76.49305477989272}}}",https://maps.gstatic.com/mapfiles/place_api/icons/v1/png_71/shopping-71.png,#4B96F3,https://maps.gstatic.com/mapfiles/place_api/icons/v2/shoppingcart_pinlet,Metro,{'open_now': False},"[{'height': 3480, 'html_attributions': ['<a href=""https://maps.google.com/maps/contrib/111829166519329354105"">Ted Mosby</a>'], 'photo_reference': 'Aap_uEBe7a2NIQ1FyfnPwkl9TXVV5xmVkjE0MFTnoMYzdjWqGEzpbIhSGZDg49vqUoqABgEtjp70SRKGDuLT39Xycsfe08PFfHCm9-SJ3sDop8o8veZemG8FyQbJDa3fLsShrVTg3Y7X6gcMYZvvknuHHl2U-3huw3rNyLUFt-QPuHuCE5EJ', 'width': 4640}]",ChIJn0lexwCr0kwRQl99M_eWcjM,"{'compound_code': '6GJ5+X6 Kingston, Ontario', 'global_code': '87P56GJ5+X6'}",3.9,ChIJn0lexwCr0kwRQl99M_eWcjM,GOOGLE,"['supermarket', 'grocery_or_supermarket', 'food', 'point_of_interest', 'store', 'establishment']",1899,"310 Barrie St, Kingston",,,https://www.google.com/maps/?q=place_id:ChIJn0lexwCr0kwRQl99M_eWcjM
OPERATIONAL,"{'location': {'lat': 44.257761, 'lng': -76.542448}, 'viewport': {'northeast': {'lat': 44.25904632989273, 'lng': -76.54119697010728}, 'southwest': {'lat': 44.25634667010728, 'lng': -76.54389662989271}}}",https://maps.gstatic.com/mapfiles/place_api/icons/v1/png_71/shopping-71.png,#4B96F3,https://maps.gstatic.com/mapfiles/place_api/icons/v2/convenience_pinlet,Snack Express - Convenience Store,{'open_now': True},,ChIJPWQlpDut0kwRoVTzzW4fyYQ,"{'compound_code': '7F55+42 Kingston, Ontario', 'global_code': '87P57F55+42'}",0.0,ChIJPWQlpDut0kwRoVTzzW4fyYQ,GOOGLE,"['convenience_store', 'food', 'point_of_interest', 'store', 'establishment']",0,"2236 Princess St, Kingston",,,https://www.google.com/maps/?q=place_id:ChIJPWQlpDut0kwRoVTzzW4fyYQ
OPERATIONAL,"{'location': {'lat': 44.2833085, 'lng': -76.6567575}, 'viewport': {'northeast': {'lat': 44.28462792989271, 'lng': -76.65531172010728}, 'southwest': {'lat': 44.28192827010727, 'lng': -76.65801137989271}}}",https://maps.gstatic.com/mapfiles/place_api/icons/v1/png_71/shopping-71.png,#4B96F3,https://maps.gstatic.com/mapfiles/place_api/icons/v2/convenience_pinlet,M Market,{'open_now': True},"[{'height': 3024, 'html_attributions': ['<a href=""https://maps.google.com/maps/contrib/101158403994120270541"">Mohammed Nomman</a>'], 'photo_reference': 'Aap_uEBgFaYLW2SbVO8bSoKX4BLNbvRCt3Bbn_iN0T62Ym_MakJLNKUIxlu6VotBuV3KVaFO_3-cnEfescKHCXAYgagvxqWwwfhAgacRpZ4hjO8tYw4FBVzO_BERdp9_YZ7FUDjcwx4aOjyyGlh8GnLSMk15yvRnUrZyut2xNHT4c9aGR8ZS', 'width': 4032}]",ChIJsUmqLy2y0kwRMAEPBLrfm5Y,"{'compound_code': '78MV+87 Kingston, Ontario', 'global_code': '87P578MV+87'}",3.0,ChIJsUmqLy2y0kwRMAEPBLrfm5Y,GOOGLE,"['convenience_store', 'food', 'point_of_interest', 'store', 'establishment']",7,Kingston,,,https://www.google.com/maps/?q=place_id:ChIJsUmqLy2y0kwRMAEPBLrfm5Y
